ValueDate,MVA,Volts
2026-01-14T00:05:00+00:00,3.522,11.236
2026-01-14T00:10:00+00:00,3.456,11.2
2026-01-14T00:15:00+00:00,3.514,11.2
2026-01-14T00:20:00+00:00,3.488,11.2
2026-01-14T00:25:00+00:00,3.436,11.2
2026-01-14T00:30:00+00:00,3.412,11.277
2026-01-14T00:35:00+00:00,3.512,11.26
2026-01-14T00:40:00+00:00,3.577,11.201
2026-01-14T00:45:00+00:00,3.624,11.2
2026-01-14T00:50:00+00:00,3.586,11.2
2026-01-14T00:55:00+00:00,3.554,11.2
2026-01-14T01:00:00+00:00,3.544,11.2
2026-01-14T01:05:00+00:00,3.592,11.2
2026-01-14T01:10:00+00:00,3.565,11.2
2026-01-14T01:15:00+00:00,3.538,11.22
2026-01-14T01:20:00+00:00,3.494,11.2
2026-01-14T01:25:00+00:00,3.464,11.2
2026-01-14T01:30:00+00:00,3.466,11.221
2026-01-14T01:35:00+00:00,3.454,11.3
2026-01-14T01:40:00+00:00,3.435,11.3
2026-01-14T01:45:00+00:00,3.367,11.3
2026-01-14T01:50:00+00:00,3.344,11.3
2026-01-14T01:55:00+00:00,3.324,11.3
2026-01-14T02:00:00+00:00,3.28,11.3
2026-01-14T02:05:00+00:00,3.288,11.3
2026-01-14T02:10:00+00:00,3.322,11.3
2026-01-14T02:15:00+00:00,3.284,11.3
2026-01-14T02:20:00+00:00,3.253,11.3
2026-01-14T02:25:00+00:00,3.242,11.3
2026-01-14T02:30:00+00:00,3.247,11.342
2026-01-14T02:35:00+00:00,3.18,11.3
2026-01-14T02:40:00+00:00,3.221,11.3
2026-01-14T02:45:00+00:00,3.173,11.3
2026-01-14T02:50:00+00:00,3.158,11.304
2026-01-14T02:55:00+00:00,3.128,11.338
2026-01-14T03:00:00+00:00,3.068,11.371
2026-01-14T03:05:00+00:00,3.084,11.3
2026-01-14T03:10:00+00:00,3.113,11.3
2026-01-14T03:15:00+00:00,3.085,11.3
2026-01-14T03:20:00+00:00,3.072,11.22
2026-01-14T03:25:00+00:00,3.076,11.217
2026-01-14T03:30:00+00:00,3.093,11.268
2026-01-14T03:35:00+00:00,3.098,11.2
2026-01-14T03:40:00+00:00,3.08,11.2
2026-01-14T03:45:00+00:00,3.054,11.2
2026-01-14T03:50:00+00:00,3.066,11.2
2026-01-14T03:55:00+00:00,3.05,11.2
2026-01-14T04:00:00+00:00,3.039,11.2
2026-01-14T04:05:00+00:00,3.096,11.191
2026-01-14T04:10:00+00:00,3.149,11.199
2026-01-14T04:15:00+00:00,3.164,11.2
2026-01-14T04:20:00+00:00,3.118,11.2
2026-01-14T04:25:00+00:00,3.123,11.2
2026-01-14T04:30:00+00:00,3.136,11.2
2026-01-14T04:35:00+00:00,3.103,11.2
2026-01-14T04:40:00+00:00,3.124,11.271
2026-01-14T04:45:00+00:00,3.072,11.3
2026-01-14T04:50:00+00:00,3.07,11.246
2026-01-14T04:55:00+00:00,3.076,11.2
2026-01-14T05:00:00+00:00,3.129,11.2
2026-01-14T05:05:00+00:00,3.174,11.167
2026-01-14T05:10:00+00:00,3.199,11.2
2026-01-14T05:15:00+00:00,3.182,11.2
2026-01-14T05:20:00+00:00,3.228,11.2
2026-01-14T05:25:00+00:00,3.268,11.2
2026-01-14T05:30:00+00:00,3.268,11.2
2026-01-14T05:35:00+00:00,3.272,11.2
2026-01-14T05:40:00+00:00,3.341,11.186
2026-01-14T05:45:00+00:00,3.38,11.164
2026-01-14T05:50:00+00:00,3.396,11.13
2026-01-14T05:55:00+00:00,3.472,11.1
2026-01-14T06:00:00+00:00,3.604,11.178
2026-01-14T06:05:00+00:00,3.677,11.172
2026-01-14T06:10:00+00:00,3.77,11.129
2026-01-14T06:15:00+00:00,3.859,11.102
2026-01-14T06:20:00+00:00,4.077,11.157
2026-01-14T06:25:00+00:00,4.098,11.15
2026-01-14T06:30:00+00:00,4.0,11.142
2026-01-14T06:35:00+00:00,3.958,11.11
2026-01-14T06:40:00+00:00,4.139,11.133
2026-01-14T06:45:00+00:00,4.311,11.232
2026-01-14T06:50:00+00:00,4.359,11.24
2026-01-14T06:55:00+00:00,4.437,11.2
2026-01-14T07:00:00+00:00,4.524,11.2
2026-01-14T07:05:00+00:00,4.742,11.2
2026-01-14T07:10:00+00:00,4.79,11.204
2026-01-14T07:15:00+00:00,4.809,11.146
2026-01-14T07:20:00+00:00,4.849,11.138
2026-01-14T07:25:00+00:00,4.934,11.12
2026-01-14T07:30:00+00:00,4.882,11.2
2026-01-14T07:35:00+00:00,4.847,11.2
2026-01-14T07:40:00+00:00,4.925,11.18
2026-01-14T07:45:00+00:00,4.939,11.16
2026-01-14T07:50:00+00:00,4.953,11.258
2026-01-14T07:55:00+00:00,4.972,11.2
2026-01-14T08:00:00+00:00,4.98,11.226
2026-01-14T08:05:00+00:00,4.988,11.253
2026-01-14T08:10:00+00:00,5.027,11.238
2026-01-14T08:15:00+00:00,5.154,11.208
2026-01-14T08:20:00+00:00,5.121,11.236
2026-01-14T08:25:00+00:00,5.058,11.205
2026-01-14T08:30:00+00:00,5.074,11.21
2026-01-14T08:35:00+00:00,5.149,11.231
2026-01-14T08:40:00+00:00,5.115,11.28
2026-01-14T08:45:00+00:00,5.077,11.248
2026-01-14T08:50:00+00:00,5.096,11.205
2026-01-14T08:55:00+00:00,5.102,11.21
2026-01-14T09:00:00+00:00,5.154,11.263
2026-01-14T09:05:00+00:00,5.134,11.22
2026-01-14T09:10:00+00:00,5.092,11.2
2026-01-14T09:15:00+00:00,5.136,11.2
2026-01-14T09:20:00+00:00,5.157,11.2
2026-01-14T09:25:00+00:00,5.204,11.248
2026-01-14T09:30:00+00:00,5.26,11.298
2026-01-14T09:35:00+00:00,5.352,11.3
2026-01-14T09:40:00+00:00,5.284,11.3
2026-01-14T09:45:00+00:00,5.306,11.3
2026-01-14T09:50:00+00:00,5.354,11.3
2026-01-14T09:55:00+00:00,5.412,11.297
2026-01-14T10:00:00+00:00,5.411,11.3
2026-01-14T10:05:00+00:00,5.351,11.3
2026-01-14T10:10:00+00:00,5.4,11.3
2026-01-14T10:15:00+00:00,5.434,11.3
2026-01-14T10:20:00+00:00,5.432,11.3
2026-01-14T10:25:00+00:00,5.364,11.3
2026-01-14T10:30:00+00:00,5.35,11.305
2026-01-14T10:35:00+00:00,5.329,11.279
2026-01-14T10:40:00+00:00,5.358,11.257
2026-01-14T10:45:00+00:00,5.29,11.2
2026-01-14T10:50:00+00:00,5.323,11.2
2026-01-14T10:55:00+00:00,5.368,11.2
2026-01-14T11:00:00+00:00,5.33,11.2
2026-01-14T11:05:00+00:00,5.263,11.2
2026-01-14T11:10:00+00:00,5.294,11.2
2026-01-14T11:15:00+00:00,5.4,11.2
2026-01-14T11:20:00+00:00,5.34,11.2
2026-01-14T11:25:00+00:00,5.306,11.2
2026-01-14T11:30:00+00:00,5.301,11.2
2026-01-14T11:35:00+00:00,5.314,11.2
2026-01-14T11:40:00+00:00,5.299,11.2
2026-01-14T11:45:00+00:00,5.274,11.2
2026-01-14T11:50:00+00:00,5.318,11.203
2026-01-14T11:55:00+00:00,5.249,11.222
2026-01-14T12:00:00+00:00,5.311,11.28
2026-01-14T12:05:00+00:00,5.28,11.3
2026-01-14T12:10:00+00:00,5.319,11.294
2026-01-14T12:15:00+00:00,5.264,11.3
2026-01-14T12:20:00+00:00,5.252,11.298
2026-01-14T12:25:00+00:00,5.39,11.268
2026-01-14T12:30:00+00:00,5.346,11.252
2026-01-14T12:35:00+00:00,5.381,11.216
2026-01-14T12:40:00+00:00,5.49,11.238
2026-01-14T12:45:00+00:00,5.652,11.236
2026-01-14T12:50:00+00:00,5.684,11.219
2026-01-14T12:55:00+00:00,5.624,11.253
2026-01-14T13:00:00+00:00,5.649,11.274
2026-01-14T13:05:00+00:00,5.617,11.28
2026-01-14T13:10:00+00:00,5.498,11.29
2026-01-14T13:15:00+00:00,5.432,11.3
2026-01-14T13:20:00+00:00,5.46,11.278
2026-01-14T13:25:00+00:00,5.428,11.3
2026-01-14T13:30:00+00:00,5.416,11.238
2026-01-14T13:35:00+00:00,5.432,11.2
2026-01-14T13:40:00+00:00,5.402,11.2
2026-01-14T13:45:00+00:00,5.42,11.2
2026-01-14T13:50:00+00:00,5.512,11.2
2026-01-14T13:55:00+00:00,5.454,11.2
2026-01-14T14:00:00+00:00,5.422,11.209
2026-01-14T14:05:00+00:00,5.44,11.211
2026-01-14T14:10:00+00:00,5.416,11.209
2026-01-14T14:15:00+00:00,5.423,11.2
2026-01-14T14:20:00+00:00,5.408,11.2
2026-01-14T14:25:00+00:00,5.352,11.2
2026-01-14T14:30:00+00:00,5.367,11.2
2026-01-14T14:35:00+00:00,5.395,11.2
2026-01-14T14:40:00+00:00,5.407,11.197
2026-01-14T14:45:00+00:00,5.464,11.11
2026-01-14T14:50:00+00:00,5.587,11.188
2026-01-14T14:55:00+00:00,5.623,11.2
2026-01-14T15:00:00+00:00,5.623,11.234
2026-01-14T15:05:00+00:00,5.628,11.3
2026-01-14T15:10:00+00:00,5.646,11.3
2026-01-14T15:15:00+00:00,5.536,11.228
2026-01-14T15:20:00+00:00,5.53,11.2
2026-01-14T15:25:00+00:00,5.568,11.2
2026-01-14T15:30:00+00:00,5.569,11.2
2026-01-14T15:35:00+00:00,5.59,11.2
2026-01-14T15:40:00+00:00,5.678,11.199
2026-01-14T15:45:00+00:00,5.81,11.126
2026-01-14T15:50:00+00:00,5.924,11.2
2026-01-14T15:55:00+00:00,5.922,11.2
2026-01-14T16:00:00+00:00,5.964,11.2
2026-01-14T16:05:00+00:00,6.0,11.2
2026-01-14T16:10:00+00:00,6.043,11.2
2026-01-14T16:15:00+00:00,6.101,11.2
2026-01-14T16:20:00+00:00,6.201,11.2
2026-01-14T16:25:00+00:00,6.144,11.194
2026-01-14T16:30:00+00:00,6.214,11.144
2026-01-14T16:35:00+00:00,6.374,11.175
2026-01-14T16:40:00+00:00,6.423,11.124
2026-01-14T16:45:00+00:00,6.398,11.18
2026-01-14T16:50:00+00:00,6.363,11.2
2026-01-14T16:55:00+00:00,6.504,11.2
2026-01-14T17:00:00+00:00,6.488,11.205
2026-01-14T17:05:00+00:00,6.531,11.297
2026-01-14T17:10:00+00:00,6.508,11.221
2026-01-14T17:15:00+00:00,6.539,11.2
2026-01-14T17:20:00+00:00,6.563,11.2
2026-01-14T17:25:00+00:00,6.518,11.269
2026-01-14T17:30:00+00:00,6.414,11.248
2026-01-14T17:35:00+00:00,6.402,11.2
2026-01-14T17:40:00+00:00,6.456,11.2
2026-01-14T17:45:00+00:00,6.589,11.2
2026-01-14T17:50:00+00:00,6.564,11.2
2026-01-14T17:55:00+00:00,6.607,11.2
2026-01-14T18:00:00+00:00,6.594,11.2
2026-01-14T18:05:00+00:00,6.586,11.204
2026-01-14T18:10:00+00:00,6.657,11.2
2026-01-14T18:15:00+00:00,6.746,11.208
2026-01-14T18:20:00+00:00,6.733,11.289
2026-01-14T18:25:00+00:00,6.608,11.274
2026-01-14T18:30:00+00:00,6.504,11.25
2026-01-14T18:35:00+00:00,6.544,11.215
2026-01-14T18:40:00+00:00,6.558,11.22
2026-01-14T18:45:00+00:00,6.542,11.3
2026-01-14T18:50:00+00:00,6.526,11.3
2026-01-14T18:55:00+00:00,6.442,11.3
2026-01-14T19:00:00+00:00,6.378,11.3
2026-01-14T19:05:00+00:00,6.329,11.216
2026-01-14T19:10:00+00:00,6.32,11.264
2026-01-14T19:15:00+00:00,6.329,11.296
2026-01-14T19:20:00+00:00,6.309,11.3
2026-01-14T19:25:00+00:00,6.284,11.3
2026-01-14T19:30:00+00:00,6.262,11.3
2026-01-14T19:35:00+00:00,6.205,11.3
2026-01-14T19:40:00+00:00,6.168,11.3
2026-01-14T19:45:00+00:00,6.188,11.3
2026-01-14T19:50:00+00:00,6.116,11.3
2026-01-14T19:55:00+00:00,6.082,11.3
2026-01-14T20:00:00+00:00,5.932,11.3
2026-01-14T20:05:00+00:00,6.008,11.32
2026-01-14T20:10:00+00:00,5.978,11.3
2026-01-14T20:15:00+00:00,6.044,11.3
2026-01-14T20:20:00+00:00,5.99,11.3
2026-01-14T20:25:00+00:00,5.969,11.3
2026-01-14T20:30:00+00:00,5.945,11.282
2026-01-14T20:35:00+00:00,5.879,11.298
2026-01-14T20:40:00+00:00,5.81,11.3
2026-01-14T20:45:00+00:00,5.707,11.264
2026-01-14T20:50:00+00:00,5.594,11.262
2026-01-14T20:55:00+00:00,5.55,11.2
2026-01-14T21:00:00+00:00,5.51,11.253
2026-01-14T21:05:00+00:00,5.56,11.26
2026-01-14T21:10:00+00:00,5.506,11.23
2026-01-14T21:15:00+00:00,5.489,11.206
2026-01-14T21:20:00+00:00,5.43,11.271
2026-01-14T21:25:00+00:00,5.398,11.298
2026-01-14T21:30:00+00:00,5.373,11.3
2026-01-14T21:35:00+00:00,5.184,11.272
2026-01-14T21:40:00+00:00,5.132,11.292
2026-01-14T21:45:00+00:00,4.996,11.3
2026-01-14T21:50:00+00:00,5.05,11.3
2026-01-14T21:55:00+00:00,4.87,11.268
2026-01-14T22:00:00+00:00,4.852,11.3
2026-01-14T22:05:00+00:00,4.829,11.275
2026-01-14T22:10:00+00:00,4.782,11.294
2026-01-14T22:15:00+00:00,4.69,11.298
2026-01-14T22:20:00+00:00,4.598,11.207
2026-01-14T22:25:00+00:00,4.558,11.2
2026-01-14T22:30:00+00:00,4.497,11.254
2026-01-14T22:35:00+00:00,4.362,11.3
2026-01-14T22:40:00+00:00,4.334,11.273
2026-01-14T22:45:00+00:00,4.392,11.239
2026-01-14T22:50:00+00:00,4.262,11.2
2026-01-14T22:55:00+00:00,4.212,11.202
2026-01-14T23:00:00+00:00,4.173,11.284
2026-01-14T23:05:00+00:00,4.104,11.266
2026-01-14T23:10:00+00:00,4.021,11.285
2026-01-14T23:15:00+00:00,3.93,11.3
2026-01-14T23:20:00+00:00,3.917,11.3
2026-01-14T23:25:00+00:00,3.828,11.3
2026-01-14T23:30:00+00:00,3.742,11.302
2026-01-14T23:35:00+00:00,3.668,11.3
2026-01-14T23:40:00+00:00,3.642,11.3
2026-01-14T23:45:00+00:00,3.609,11.3
2026-01-14T23:50:00+00:00,3.534,11.298
2026-01-14T23:55:00+00:00,3.489,11.202
2026-01-15T00:00:00+00:00,3.464,11.224
2026-01-15T00:05:00+00:00,3.482,11.203
2026-01-15T00:10:00+00:00,3.516,11.2
2026-01-15T00:15:00+00:00,3.554,11.221
2026-01-15T00:20:00+00:00,3.512,11.2
2026-01-15T00:25:00+00:00,3.526,11.2
2026-01-15T00:30:00+00:00,3.468,11.2
2026-01-15T00:35:00+00:00,3.53,11.197
2026-01-15T00:40:00+00:00,3.609,11.136
2026-01-15T00:45:00+00:00,3.642,11.168
2026-01-15T00:50:00+00:00,3.681,11.3
2026-01-15T00:55:00+00:00,3.681,11.3
2026-01-15T01:00:00+00:00,3.593,11.26
2026-01-15T01:05:00+00:00,3.544,11.268
2026-01-15T01:10:00+00:00,3.497,11.298
2026-01-15T01:15:00+00:00,3.474,11.3
2026-01-15T01:20:00+00:00,3.478,11.3
2026-01-15T01:25:00+00:00,3.417,11.294
2026-01-15T01:30:00+00:00,3.413,11.272
2026-01-15T01:35:00+00:00,3.38,11.3
2026-01-15T01:40:00+00:00,3.338,11.3
2026-01-15T01:45:00+00:00,3.306,11.3
2026-01-15T01:50:00+00:00,3.298,11.3
2026-01-15T01:55:00+00:00,3.296,11.3
2026-01-15T02:00:00+00:00,3.269,11.332
2026-01-15T02:05:00+00:00,3.288,11.258
2026-01-15T02:10:00+00:00,3.306,11.273
2026-01-15T02:15:00+00:00,3.27,11.3
2026-01-15T02:20:00+00:00,3.234,11.3
2026-01-15T02:25:00+00:00,3.226,11.3
2026-01-15T02:30:00+00:00,3.239,11.3
2026-01-15T02:35:00+00:00,3.236,11.3
2026-01-15T02:40:00+00:00,3.194,11.3
2026-01-15T02:45:00+00:00,3.162,11.3
2026-01-15T02:50:00+00:00,3.127,11.3
2026-01-15T02:55:00+00:00,3.132,11.3
2026-01-15T03:00:00+00:00,3.118,11.3
2026-01-15T03:05:00+00:00,3.11,11.3
2026-01-15T03:10:00+00:00,3.104,11.3
2026-01-15T03:15:00+00:00,3.08,11.3
2026-01-15T03:20:00+00:00,3.042,11.3
2026-01-15T03:25:00+00:00,2.986,11.295
2026-01-15T03:30:00+00:00,3.005,11.3
2026-01-15T03:35:00+00:00,2.992,11.21
2026-01-15T03:40:00+00:00,2.952,11.2
2026-01-15T03:45:00+00:00,2.97,11.206
2026-01-15T03:50:00+00:00,2.982,11.281
2026-01-15T03:55:00+00:00,3.029,11.249
2026-01-15T04:00:00+00:00,2.999,11.238
2026-01-15T04:05:00+00:00,3.012,11.206
2026-01-15T04:10:00+00:00,2.99,11.2
2026-01-15T04:15:00+00:00,2.984,11.2
2026-01-15T04:20:00+00:00,2.98,11.2
2026-01-15T04:25:00+00:00,2.992,11.2
2026-01-15T04:30:00+00:00,3.013,11.243
2026-01-15T04:35:00+00:00,3.036,11.3
2026-01-15T04:40:00+00:00,2.994,11.3
2026-01-15T04:45:00+00:00,2.992,11.296
2026-01-15T04:50:00+00:00,3.006,11.251
2026-01-15T04:55:00+00:00,3.028,11.264
2026-01-15T05:00:00+00:00,3.019,11.3
2026-01-15T05:05:00+00:00,3.074,11.233
2026-01-15T05:10:00+00:00,3.062,11.2
2026-01-15T05:15:00+00:00,3.092,11.2
2026-01-15T05:20:00+00:00,3.082,11.2
2026-01-15T05:25:00+00:00,3.15,11.2
2026-01-15T05:30:00+00:00,3.126,11.2
2026-01-15T05:35:00+00:00,3.178,11.2
2026-01-15T05:40:00+00:00,3.214,11.2
2026-01-15T05:45:00+00:00,3.247,11.198
2026-01-15T05:50:00+00:00,3.294,11.2
2026-01-15T05:55:00+00:00,3.373,11.2
2026-01-15T06:00:00+00:00,3.402,11.202
2026-01-15T06:05:00+00:00,3.503,11.152
2026-01-15T06:10:00+00:00,3.699,11.16
2026-01-15T06:15:00+00:00,3.832,11.2
2026-01-15T06:20:00+00:00,3.854,11.2
2026-01-15T06:25:00+00:00,3.879,11.2
2026-01-15T06:30:00+00:00,3.899,11.2
2026-01-15T06:35:00+00:00,3.978,11.184
2026-01-15T06:40:00+00:00,3.92,11.264
2026-01-15T06:45:00+00:00,3.958,11.297
2026-01-15T06:50:00+00:00,4.077,11.278
2026-01-15T06:55:00+00:00,4.114,11.25
2026-01-15T07:00:00+00:00,4.158,11.213
2026-01-15T07:05:00+00:00,4.266,11.126
2026-01-15T07:10:00+00:00,4.586,11.175
2026-01-15T07:15:00+00:00,4.566,11.18
2026-01-15T07:20:00+00:00,4.54,11.202
2026-01-15T07:25:00+00:00,4.574,11.206
2026-01-15T07:30:00+00:00,4.652,11.2
2026-01-15T07:35:00+00:00,4.645,11.2
2026-01-15T07:40:00+00:00,4.654,11.2
2026-01-15T07:45:00+00:00,4.648,11.24
2026-01-15T07:50:00+00:00,4.687,11.3
2026-01-15T07:55:00+00:00,4.731,11.288
2026-01-15T08:00:00+00:00,4.726,11.272
2026-01-15T08:05:00+00:00,4.752,11.288
2026-01-15T08:10:00+00:00,4.752,11.2
2026-01-15T08:15:00+00:00,4.79,11.2
2026-01-15T08:20:00+00:00,4.798,11.193
2026-01-15T08:25:00+00:00,4.892,11.212
2026-01-15T08:30:00+00:00,4.896,11.257
2026-01-15T08:35:00+00:00,4.892,11.273
2026-01-15T08:40:00+00:00,4.822,11.285
2026-01-15T08:45:00+00:00,4.863,11.252
2026-01-15T08:50:00+00:00,4.874,11.209
2026-01-15T08:55:00+00:00,4.89,11.2
2026-01-15T09:00:00+00:00,4.887,11.2
2026-01-15T09:05:00+00:00,4.946,11.2
2026-01-15T09:10:00+00:00,5.061,11.2
2026-01-15T09:15:00+00:00,5.19,11.247
2026-01-15T09:20:00+00:00,5.122,11.2
2026-01-15T09:25:00+00:00,5.115,11.2
2026-01-15T09:30:00+00:00,5.146,11.2
2026-01-15T09:35:00+00:00,5.248,11.2
2026-01-15T09:40:00+00:00,5.222,11.2
2026-01-15T09:45:00+00:00,5.22,11.2
2026-01-15T09:50:00+00:00,5.22,11.2
2026-01-15T09:55:00+00:00,5.269,11.2
2026-01-15T10:00:00+00:00,5.324,11.2
2026-01-15T10:05:00+00:00,5.315,11.2
2026-01-15T10:10:00+00:00,5.254,11.2
2026-01-15T10:15:00+00:00,5.209,11.2
2026-01-15T10:20:00+00:00,5.216,11.2
2026-01-15T10:25:00+00:00,5.286,11.2
2026-01-15T10:30:00+00:00,5.297,11.2
2026-01-15T10:35:00+00:00,5.294,11.2
2026-01-15T10:40:00+00:00,5.304,11.2
2026-01-15T10:45:00+00:00,5.293,11.2
2026-01-15T10:50:00+00:00,5.325,11.2
2026-01-15T10:55:00+00:00,5.377,11.2
2026-01-15T11:00:00+00:00,5.327,11.2
2026-01-15T11:05:00+00:00,5.328,11.2
2026-01-15T11:10:00+00:00,5.336,11.2
2026-01-15T11:15:00+00:00,5.366,11.212
2026-01-15T11:20:00+00:00,5.374,11.224
2026-01-15T11:25:00+00:00,5.368,11.262
2026-01-15T11:30:00+00:00,5.44,11.29
2026-01-15T11:35:00+00:00,5.479,11.254
2026-01-15T11:40:00+00:00,5.485,11.221
2026-01-15T11:45:00+00:00,5.48,11.2
2026-01-15T11:50:00+00:00,5.53,11.2
2026-01-15T11:55:00+00:00,5.57,11.2
2026-01-15T12:00:00+00:00,5.648,11.2
2026-01-15T12:05:00+00:00,5.624,11.2
2026-01-15T12:10:00+00:00,5.632,11.2
2026-01-15T12:15:00+00:00,5.678,11.2
2026-01-15T12:20:00+00:00,5.667,11.2
2026-01-15T12:25:00+00:00,5.685,11.2
2026-01-15T12:30:00+00:00,5.638,11.2
2026-01-15T12:35:00+00:00,5.608,11.2
2026-01-15T12:40:00+00:00,5.62,11.2
2026-01-15T12:45:00+00:00,5.638,11.2
2026-01-15T12:50:00+00:00,5.592,11.2
2026-01-15T12:55:00+00:00,5.608,11.2
2026-01-15T13:00:00+00:00,5.557,11.2
2026-01-15T13:05:00+00:00,5.623,11.2
2026-01-15T13:10:00+00:00,5.678,11.2
2026-01-15T13:15:00+00:00,5.663,11.2
2026-01-15T13:20:00+00:00,5.7,11.2
2026-01-15T13:25:00+00:00,5.625,11.27
2026-01-15T13:30:00+00:00,5.607,11.241
2026-01-15T13:35:00+00:00,5.636,11.2
2026-01-15T13:40:00+00:00,5.656,11.216
2026-01-15T13:45:00+00:00,5.596,11.232
2026-01-15T13:50:00+00:00,5.558,11.3
2026-01-15T13:55:00+00:00,5.566,11.3
2026-01-15T14:00:00+00:00,5.558,11.3
2026-01-15T14:05:00+00:00,5.562,11.3
2026-01-15T14:10:00+00:00,5.576,11.297
2026-01-15T14:15:00+00:00,5.569,11.294
2026-01-15T14:20:00+00:00,5.61,11.284
2026-01-15T14:25:00+00:00,5.633,11.283
2026-01-15T14:30:00+00:00,5.578,11.3
2026-01-15T14:35:00+00:00,5.514,11.298
2026-01-15T14:40:00+00:00,5.5,11.3
2026-01-15T14:45:00+00:00,5.533,11.23
2026-01-15T14:50:00+00:00,5.538,11.2
2026-01-15T14:55:00+00:00,5.565,11.2
2026-01-15T15:00:00+00:00,5.587,11.2
2026-01-15T15:05:00+00:00,5.638,11.2
2026-01-15T15:10:00+00:00,5.647,11.2
2026-01-15T15:15:00+00:00,5.588,11.2
2026-01-15T15:20:00+00:00,5.542,11.2
2026-01-15T15:25:00+00:00,5.568,11.2
2026-01-15T15:30:00+00:00,5.572,11.2
2026-01-15T15:35:00+00:00,5.599,11.2
2026-01-15T15:40:00+00:00,5.665,11.2
2026-01-15T15:45:00+00:00,5.702,11.196
2026-01-15T15:50:00+00:00,5.842,11.145
2026-01-15T15:55:00+00:00,5.941,11.2
2026-01-15T16:00:00+00:00,6.012,11.2
2026-01-15T16:05:00+00:00,6.085,11.2
2026-01-15T16:10:00+00:00,6.094,11.2
2026-01-15T16:15:00+00:00,6.12,11.2
2026-01-15T16:20:00+00:00,6.244,11.2
2026-01-15T16:25:00+00:00,6.244,11.2
2026-01-15T16:30:00+00:00,6.212,11.2
2026-01-15T16:35:00+00:00,6.238,11.2
2026-01-15T16:40:00+00:00,6.198,11.2
2026-01-15T16:45:00+00:00,6.276,11.2
2026-01-15T16:50:00+00:00,6.238,11.2
2026-01-15T16:55:00+00:00,6.361,11.2
2026-01-15T17:00:00+00:00,6.402,11.182
2026-01-15T17:05:00+00:00,6.399,11.17
2026-01-15T17:10:00+00:00,6.451,11.128
2026-01-15T17:15:00+00:00,6.464,11.157
2026-01-15T17:20:00+00:00,6.522,11.133
2026-01-15T17:25:00+00:00,6.618,11.2
2026-01-15T17:30:00+00:00,6.558,11.259
2026-01-15T17:35:00+00:00,6.53,11.3
2026-01-15T17:40:00+00:00,6.555,11.3
2026-01-15T17:45:00+00:00,6.47,11.228
2026-01-15T17:50:00+00:00,6.394,11.212
2026-01-15T17:55:00+00:00,6.388,11.264
2026-01-15T18:00:00+00:00,6.428,11.282
2026-01-15T18:05:00+00:00,6.458,11.21
2026-01-15T18:10:00+00:00,6.434,11.203
2026-01-15T18:15:00+00:00,6.414,11.21
2026-01-15T18:20:00+00:00,6.43,11.232
2026-01-15T18:25:00+00:00,6.466,11.259
2026-01-15T18:30:00+00:00,6.46,11.252
2026-01-15T18:35:00+00:00,6.42,11.2
2026-01-15T18:40:00+00:00,6.36,11.23
2026-01-15T18:45:00+00:00,6.423,11.24
2026-01-15T18:50:00+00:00,6.418,11.272
2026-01-15T18:55:00+00:00,6.384,11.3
2026-01-15T19:00:00+00:00,6.304,11.3
2026-01-15T19:05:00+00:00,6.26,11.3
2026-01-15T19:10:00+00:00,6.254,11.3
2026-01-15T19:15:00+00:00,6.242,11.3
2026-01-15T19:20:00+00:00,6.149,11.304
2026-01-15T19:25:00+00:00,6.156,11.316
2026-01-15T19:30:00+00:00,6.16,11.352
2026-01-15T19:35:00+00:00,6.106,11.3
2026-01-15T19:40:00+00:00,6.072,11.3
2026-01-15T19:45:00+00:00,6.034,11.211
2026-01-15T19:50:00+00:00,6.028,11.229
2026-01-15T19:55:00+00:00,5.998,11.3
2026-01-15T20:00:00+00:00,5.924,11.3
2026-01-15T20:05:00+00:00,5.922,11.3
2026-01-15T20:10:00+00:00,5.944,11.3
2026-01-15T20:15:00+00:00,5.836,11.3
2026-01-15T20:20:00+00:00,5.735,11.302
2026-01-15T20:25:00+00:00,5.671,11.348
2026-01-15T20:30:00+00:00,5.568,11.324
2026-01-15T20:35:00+00:00,5.568,11.3
2026-01-15T20:40:00+00:00,5.537,11.3
2026-01-15T20:45:00+00:00,5.584,11.3
2026-01-15T20:50:00+00:00,5.538,11.294
2026-01-15T20:55:00+00:00,5.574,11.204
2026-01-15T21:00:00+00:00,5.54,11.2
2026-01-15T21:05:00+00:00,5.51,11.2
2026-01-15T21:10:00+00:00,5.427,11.253
2026-01-15T21:15:00+00:00,5.377,11.3
2026-01-15T21:20:00+00:00,5.288,11.3
2026-01-15T21:25:00+00:00,5.28,11.3
2026-01-15T21:30:00+00:00,5.182,11.284
2026-01-15T21:35:00+00:00,5.134,11.2
2026-01-15T21:40:00+00:00,5.104,11.203
2026-01-15T21:45:00+00:00,5.127,11.238
2026-01-15T21:50:00+00:00,5.062,11.2
2026-01-15T21:55:00+00:00,5.066,11.2
2026-01-15T22:00:00+00:00,4.928,11.254
2026-01-15T22:05:00+00:00,4.823,11.208
2026-01-15T22:10:00+00:00,4.752,11.234
2026-01-15T22:15:00+00:00,4.717,11.226
2026-01-15T22:20:00+00:00,4.628,11.276
2026-01-15T22:25:00+00:00,4.598,11.3
2026-01-15T22:30:00+00:00,4.552,11.3
2026-01-15T22:35:00+00:00,4.427,11.267
2026-01-15T22:40:00+00:00,4.36,11.2
2026-01-15T22:45:00+00:00,4.281,11.207
2026-01-15T22:50:00+00:00,4.182,11.3
2026-01-15T22:55:00+00:00,4.137,11.3
2026-01-15T23:00:00+00:00,4.028,11.3
2026-01-15T23:05:00+00:00,3.976,11.3
2026-01-15T23:10:00+00:00,3.93,11.3
2026-01-15T23:15:00+00:00,3.862,11.3
2026-01-15T23:20:00+00:00,3.789,11.312
2026-01-15T23:25:00+00:00,3.742,11.308
2026-01-15T23:30:00+00:00,3.714,11.336
2026-01-15T23:35:00+00:00,3.764,11.3
2026-01-15T23:40:00+00:00,3.714,11.3
2026-01-15T23:45:00+00:00,3.688,11.278
2026-01-15T23:50:00+00:00,3.673,11.23
2026-01-15T23:55:00+00:00,3.66,11.268
2026-01-16T00:00:00+00:00,3.624,11.3
2026-01-16T00:05:00+00:00,3.62,11.206
2026-01-16T00:10:00+00:00,3.596,11.2
2026-01-16T00:15:00+00:00,3.618,11.2
2026-01-16T00:20:00+00:00,3.601,11.2
2026-01-16T00:25:00+00:00,3.646,11.2
2026-01-16T00:30:00+00:00,3.614,11.2
2026-01-16T00:35:00+00:00,3.665,11.2
2026-01-16T00:40:00+00:00,3.715,11.2
2026-01-16T00:45:00+00:00,3.738,11.2
2026-01-16T00:50:00+00:00,3.725,11.2
2026-01-16T00:55:00+00:00,3.726,11.2
2026-01-16T01:00:00+00:00,3.7,11.2
2026-01-16T01:05:00+00:00,3.689,11.2
2026-01-16T01:10:00+00:00,3.646,11.2
2026-01-16T01:15:00+00:00,3.617,11.2
2026-01-16T01:20:00+00:00,3.559,11.2
2026-01-16T01:25:00+00:00,3.545,11.212
2026-01-16T01:30:00+00:00,3.505,11.268
2026-01-16T01:35:00+00:00,3.492,11.215
2026-01-16T01:40:00+00:00,3.444,11.279
2026-01-16T01:45:00+00:00,3.472,11.3
2026-01-16T01:50:00+00:00,3.44,11.3
2026-01-16T01:55:00+00:00,3.389,11.3
2026-01-16T02:00:00+00:00,3.384,11.3
2026-01-16T02:05:00+00:00,3.375,11.3
2026-01-16T02:10:00+00:00,3.388,11.3
2026-01-16T02:15:00+00:00,3.34,11.3
2026-01-16T02:20:00+00:00,3.314,11.3
2026-01-16T02:25:00+00:00,3.311,11.3
2026-01-16T02:30:00+00:00,3.288,11.3
2026-01-16T02:35:00+00:00,3.276,11.3
2026-01-16T02:40:00+00:00,3.229,11.3
2026-01-16T02:45:00+00:00,3.236,11.3
2026-01-16T02:50:00+00:00,3.236,11.3
2026-01-16T02:55:00+00:00,3.262,11.3
2026-01-16T03:00:00+00:00,3.239,11.3
2026-01-16T03:05:00+00:00,3.226,11.3
2026-01-16T03:10:00+00:00,3.232,11.3
2026-01-16T03:15:00+00:00,3.238,11.3
2026-01-16T03:20:00+00:00,3.218,11.3
2026-01-16T03:25:00+00:00,3.208,11.3
2026-01-16T03:30:00+00:00,3.128,11.26
2026-01-16T03:35:00+00:00,3.137,11.3
2026-01-16T03:40:00+00:00,3.108,11.3
2026-01-16T03:45:00+00:00,3.141,11.294
2026-01-16T03:50:00+00:00,3.16,11.208
2026-01-16T03:55:00+00:00,3.132,11.2
2026-01-16T04:00:00+00:00,3.11,11.2
2026-01-16T04:05:00+00:00,3.152,11.2
2026-01-16T04:10:00+00:00,3.138,11.2
2026-01-16T04:15:00+00:00,3.084,11.2
2026-01-16T04:20:00+00:00,3.069,11.203
2026-01-16T04:25:00+00:00,3.07,11.282
2026-01-16T04:30:00+00:00,3.074,11.3
2026-01-16T04:35:00+00:00,3.062,11.3
2026-01-16T04:40:00+00:00,3.11,11.3
2026-01-16T04:45:00+00:00,3.165,11.3
2026-01-16T04:50:00+00:00,3.184,11.3
2026-01-16T04:55:00+00:00,3.214,11.3
2026-01-16T05:00:00+00:00,3.198,11.3
2026-01-16T05:05:00+00:00,3.275,11.3
2026-01-16T05:10:00+00:00,3.207,11.291
2026-01-16T05:15:00+00:00,3.177,11.265
2026-01-16T05:20:00+00:00,3.158,11.235
2026-01-16T05:25:00+00:00,3.165,11.227
2026-01-16T05:30:00+00:00,3.192,11.224
2026-01-16T05:35:00+00:00,3.194,11.25
2026-01-16T05:40:00+00:00,3.274,11.208
2026-01-16T05:45:00+00:00,3.25,11.2
2026-01-16T05:50:00+00:00,3.306,11.2
2026-01-16T05:55:00+00:00,3.422,11.201
2026-01-16T06:00:00+00:00,3.396,11.294
2026-01-16T06:05:00+00:00,3.516,11.216
2026-01-16T06:10:00+00:00,3.64,11.2
2026-01-16T06:15:00+00:00,3.692,11.2
2026-01-16T06:20:00+00:00,3.762,11.274
2026-01-16T06:25:00+00:00,3.76,11.296
2026-01-16T06:30:00+00:00,3.777,11.252
2026-01-16T06:35:00+00:00,3.862,11.2
2026-01-16T06:40:00+00:00,3.955,11.2
2026-01-16T06:45:00+00:00,4.029,11.188
2026-01-16T06:50:00+00:00,4.126,11.192
2026-01-16T06:55:00+00:00,4.207,11.132
2026-01-16T07:00:00+00:00,4.478,11.224
2026-01-16T07:05:00+00:00,4.384,11.16
2026-01-16T07:10:00+00:00,4.515,11.2
2026-01-16T07:15:00+00:00,4.624,11.2
2026-01-16T07:20:00+00:00,4.687,11.2
2026-01-16T07:25:00+00:00,4.745,11.2
2026-01-16T07:30:00+00:00,4.72,11.204
2026-01-16T07:35:00+00:00,4.748,11.2
2026-01-16T07:40:00+00:00,4.762,11.2
2026-01-16T07:45:00+00:00,4.811,11.2
2026-01-16T07:50:00+00:00,4.912,11.2
2026-01-16T07:55:00+00:00,4.924,11.2
2026-01-16T08:00:00+00:00,4.954,11.2
2026-01-16T08:05:00+00:00,4.874,11.212
2026-01-16T08:10:00+00:00,4.942,11.2
2026-01-16T08:15:00+00:00,4.982,11.2
2026-01-16T08:20:00+00:00,5.028,11.2
2026-01-16T08:25:00+00:00,5.079,11.198
2026-01-16T08:30:00+00:00,4.942,11.2
2026-01-16T08:35:00+00:00,4.959,11.2
2026-01-16T08:40:00+00:00,5.058,11.2
2026-01-16T08:45:00+00:00,5.068,11.2
2026-01-16T08:50:00+00:00,5.108,11.2
2026-01-16T08:55:00+00:00,5.162,11.185
2026-01-16T09:00:00+00:00,5.17,11.196
2026-01-16T09:05:00+00:00,5.262,11.124
2026-01-16T09:10:00+00:00,5.388,11.2
2026-01-16T09:15:00+00:00,5.453,11.2
2026-01-16T09:20:00+00:00,5.528,11.2
2026-01-16T09:25:00+00:00,5.537,11.2
2026-01-16T09:30:00+00:00,5.465,11.2
2026-01-16T09:35:00+00:00,5.469,11.2
2026-01-16T09:40:00+00:00,5.54,11.2
2026-01-16T09:45:00+00:00,5.574,11.2
2026-01-16T09:50:00+00:00,5.557,11.2
2026-01-16T09:55:00+00:00,5.616,11.2
2026-01-16T10:00:00+00:00,5.56,11.2
2026-01-16T10:05:00+00:00,5.628,11.192
2026-01-16T10:10:00+00:00,5.602,11.19
2026-01-16T10:15:00+00:00,5.63,11.196
2026-01-16T10:20:00+00:00,5.618,11.2
2026-01-16T10:25:00+00:00,5.616,11.2
2026-01-16T10:30:00+00:00,5.694,11.178
2026-01-16T10:35:00+00:00,5.662,11.2
2026-01-16T10:40:00+00:00,5.646,11.2
2026-01-16T10:45:00+00:00,5.638,11.2
2026-01-16T10:50:00+00:00,5.637,11.2
2026-01-16T10:55:00+00:00,5.594,11.2
2026-01-16T11:00:00+00:00,5.555,11.2
2026-01-16T11:05:00+00:00,5.563,11.2
2026-01-16T11:10:00+00:00,5.645,11.2
2026-01-16T11:15:00+00:00,5.712,11.2
2026-01-16T11:20:00+00:00,5.698,11.2
2026-01-16T11:25:00+00:00,5.676,11.2
2026-01-16T11:30:00+00:00,5.612,11.264
2026-01-16T11:35:00+00:00,5.654,11.296
2026-01-16T11:40:00+00:00,5.726,11.3
2026-01-16T11:45:00+00:00,5.672,11.282
2026-01-16T11:50:00+00:00,5.492,11.209
2026-01-16T11:55:00+00:00,5.427,11.3
2026-01-16T12:00:00+00:00,5.325,11.3
2026-01-16T12:05:00+00:00,5.342,11.265
2026-01-16T12:10:00+00:00,5.354,11.204
2026-01-16T12:15:00+00:00,5.338,11.227
2026-01-16T12:20:00+00:00,5.352,11.264
2026-01-16T12:25:00+00:00,5.268,11.3
2026-01-16T12:30:00+00:00,5.211,11.29
2026-01-16T12:35:00+00:00,5.188,11.2
2026-01-16T12:40:00+00:00,5.192,11.2
2026-01-16T12:45:00+00:00,5.231,11.2
2026-01-16T12:50:00+00:00,5.223,11.2
2026-01-16T12:55:00+00:00,5.116,11.2
2026-01-16T13:00:00+00:00,5.112,11.2
2026-01-16T13:05:00+00:00,5.12,11.211
2026-01-16T13:10:00+00:00,5.18,11.202
2026-01-16T13:15:00+00:00,5.123,11.2
2026-01-16T13:20:00+00:00,5.073,11.224
2026-01-16T13:25:00+00:00,5.144,11.2
2026-01-16T13:30:00+00:00,5.118,11.202
2026-01-16T13:35:00+00:00,5.212,11.2
2026-01-16T13:40:00+00:00,5.262,11.2
2026-01-16T13:45:00+00:00,5.291,11.2
2026-01-16T13:50:00+00:00,5.306,11.2
2026-01-16T13:55:00+00:00,5.399,11.276
2026-01-16T14:00:00+00:00,5.26,11.238
2026-01-16T14:05:00+00:00,5.264,11.204
2026-01-16T14:10:00+00:00,5.296,11.202
2026-01-16T14:15:00+00:00,5.283,11.2
2026-01-16T14:20:00+00:00,5.302,11.2
2026-01-16T14:25:00+00:00,5.337,11.2
2026-01-16T14:30:00+00:00,5.316,11.2
2026-01-16T14:35:00+00:00,5.242,11.2
2026-01-16T14:40:00+00:00,5.252,11.2
2026-01-16T14:45:00+00:00,5.216,11.202
2026-01-16T14:50:00+00:00,5.204,11.2
2026-01-16T14:55:00+00:00,5.244,11.2
2026-01-16T15:00:00+00:00,5.176,11.206
2026-01-16T15:05:00+00:00,5.134,11.2
2026-01-16T15:10:00+00:00,5.173,11.245
2026-01-16T15:15:00+00:00,5.149,11.282
2026-01-16T15:20:00+00:00,5.206,11.234
2026-01-16T15:25:00+00:00,5.156,11.241
2026-01-16T15:30:00+00:00,5.182,11.206
2026-01-16T15:35:00+00:00,5.281,11.2
2026-01-16T15:40:00+00:00,5.274,11.2
2026-01-16T15:45:00+00:00,5.342,11.2
2026-01-16T15:50:00+00:00,5.35,11.176
2026-01-16T15:55:00+00:00,5.416,11.139
2026-01-16T16:00:00+00:00,5.588,11.2
2026-01-16T16:05:00+00:00,5.643,11.213
2026-01-16T16:10:00+00:00,5.645,11.2
2026-01-16T16:15:00+00:00,5.775,11.2
2026-01-16T16:20:00+00:00,5.839,11.2
2026-01-16T16:25:00+00:00,5.842,11.2
2026-01-16T16:30:00+00:00,5.9,11.2
2026-01-16T16:35:00+00:00,6.055,11.154
2026-01-16T16:40:00+00:00,6.184,11.174
2026-01-16T16:45:00+00:00,6.29,11.2
2026-01-16T16:50:00+00:00,6.338,11.178
2026-01-16T16:55:00+00:00,6.373,11.2
2026-01-16T17:00:00+00:00,6.361,11.2
2026-01-16T17:05:00+00:00,6.367,11.2
2026-01-16T17:10:00+00:00,6.422,11.18
2026-01-16T17:15:00+00:00,6.492,11.138
2026-01-16T17:20:00+00:00,6.56,11.157
2026-01-16T17:25:00+00:00,6.456,11.191
2026-01-16T17:30:00+00:00,6.465,11.2
2026-01-16T17:35:00+00:00,6.478,11.2
2026-01-16T17:40:00+00:00,6.458,11.2
2026-01-16T17:45:00+00:00,6.417,11.2
2026-01-16T17:50:00+00:00,6.491,11.2
2026-01-16T17:55:00+00:00,6.525,11.2
2026-01-16T18:00:00+00:00,6.518,11.2
2026-01-16T18:05:00+00:00,6.536,11.2
2026-01-16T18:10:00+00:00,6.582,11.204
2026-01-16T18:15:00+00:00,6.43,11.201
2026-01-16T18:20:00+00:00,6.434,11.2
2026-01-16T18:25:00+00:00,6.427,11.2
2026-01-16T18:30:00+00:00,6.426,11.217
2026-01-16T18:35:00+00:00,6.419,11.3
2026-01-16T18:40:00+00:00,6.297,11.295
2026-01-16T18:45:00+00:00,6.228,11.2
2026-01-16T18:50:00+00:00,6.302,11.2
2026-01-16T18:55:00+00:00,6.306,11.25
2026-01-16T19:00:00+00:00,6.222,11.264
2026-01-16T19:05:00+00:00,6.243,11.213
2026-01-16T19:10:00+00:00,6.224,11.2
2026-01-16T19:15:00+00:00,6.19,11.2
2026-01-16T19:20:00+00:00,6.112,11.222
2026-01-16T19:25:00+00:00,6.015,11.284
2026-01-16T19:30:00+00:00,5.944,11.299
2026-01-16T19:35:00+00:00,5.938,11.3
2026-01-16T19:40:00+00:00,5.893,11.3
2026-01-16T19:45:00+00:00,5.86,11.3
2026-01-16T19:50:00+00:00,5.828,11.3
2026-01-16T19:55:00+00:00,5.755,11.334
2026-01-16T20:00:00+00:00,5.75,11.205
2026-01-16T20:05:00+00:00,5.79,11.195
2026-01-16T20:10:00+00:00,5.815,11.195
2026-01-16T20:15:00+00:00,5.81,11.208
2026-01-16T20:20:00+00:00,5.918,11.29
2026-01-16T20:25:00+00:00,5.666,11.285
2026-01-16T20:30:00+00:00,5.624,11.3
2026-01-16T20:35:00+00:00,5.56,11.242
2026-01-16T20:40:00+00:00,5.487,11.2
2026-01-16T20:45:00+00:00,5.484,11.226
2026-01-16T20:50:00+00:00,5.457,11.206
2026-01-16T20:55:00+00:00,5.434,11.242
2026-01-16T21:00:00+00:00,5.379,11.233
2026-01-16T21:05:00+00:00,5.342,11.253
2026-01-16T21:10:00+00:00,5.319,11.292
2026-01-16T21:15:00+00:00,5.308,11.3
2026-01-16T21:20:00+00:00,5.214,11.3
2026-01-16T21:25:00+00:00,5.194,11.3
2026-01-16T21:30:00+00:00,5.186,11.3
2026-01-16T21:35:00+00:00,5.125,11.3
2026-01-16T21:40:00+00:00,5.086,11.3
2026-01-16T21:45:00+00:00,5.03,11.302
2026-01-16T21:50:00+00:00,5.088,11.311
2026-01-16T21:55:00+00:00,4.937,11.343
2026-01-16T22:00:00+00:00,4.895,11.3
2026-01-16T22:05:00+00:00,4.874,11.231
2026-01-16T22:10:00+00:00,4.8,11.292
2026-01-16T22:15:00+00:00,4.748,11.297
2026-01-16T22:20:00+00:00,4.678,11.226
2026-01-16T22:25:00+00:00,4.608,11.256
2026-01-16T22:30:00+00:00,4.583,11.3
2026-01-16T22:35:00+00:00,4.588,11.248
2026-01-16T22:40:00+00:00,4.573,11.229
2026-01-16T22:45:00+00:00,4.423,11.27
2026-01-16T22:50:00+00:00,4.368,11.222
2026-01-16T22:55:00+00:00,4.278,11.2
2026-01-16T23:00:00+00:00,4.296,11.288
2026-01-16T23:05:00+00:00,4.206,11.3
2026-01-16T23:10:00+00:00,4.169,11.3
2026-01-16T23:15:00+00:00,4.162,11.3
2026-01-16T23:20:00+00:00,4.122,11.3
2026-01-16T23:25:00+00:00,4.098,11.3
2026-01-16T23:30:00+00:00,3.99,11.3
2026-01-16T23:35:00+00:00,3.94,11.304
2026-01-16T23:40:00+00:00,3.87,11.253
2026-01-16T23:45:00+00:00,3.874,11.215
2026-01-16T23:50:00+00:00,3.831,11.27
2026-01-16T23:55:00+00:00,3.807,11.3
2026-01-17T00:00:00+00:00,3.776,11.3
2026-01-17T00:05:00+00:00,3.704,11.3
2026-01-17T00:10:00+00:00,3.704,11.3
2026-01-17T00:15:00+00:00,3.73,11.3
2026-01-17T00:20:00+00:00,3.693,11.3
2026-01-17T00:25:00+00:00,3.674,11.3
2026-01-17T00:30:00+00:00,3.666,11.3
2026-01-17T00:35:00+00:00,3.68,11.3
2026-01-17T00:40:00+00:00,3.726,11.284
2026-01-17T00:45:00+00:00,3.758,11.264
2026-01-17T00:50:00+00:00,3.736,11.274
2026-01-17T00:55:00+00:00,3.66,11.3
2026-01-17T01:00:00+00:00,3.663,11.3
2026-01-17T01:05:00+00:00,3.684,11.297
2026-01-17T01:10:00+00:00,3.668,11.3
2026-01-17T01:15:00+00:00,3.657,11.3
2026-01-17T01:20:00+00:00,3.642,11.3
2026-01-17T01:25:00+00:00,3.592,11.3
2026-01-17T01:30:00+00:00,3.566,11.3
2026-01-17T01:35:00+00:00,3.516,11.3
2026-01-17T01:40:00+00:00,3.485,11.3
2026-01-17T01:45:00+00:00,3.462,11.306
2026-01-17T01:50:00+00:00,3.446,11.322
2026-01-17T01:55:00+00:00,3.45,11.3
2026-01-17T02:00:00+00:00,3.428,11.3
2026-01-17T02:05:00+00:00,3.389,11.3
2026-01-17T02:10:00+00:00,3.38,11.3
2026-01-17T02:15:00+00:00,3.37,11.3
2026-01-17T02:20:00+00:00,3.352,11.3
2026-01-17T02:25:00+00:00,3.321,11.3
2026-01-17T02:30:00+00:00,3.3,11.3
2026-01-17T02:35:00+00:00,3.292,11.3
2026-01-17T02:40:00+00:00,3.28,11.3
2026-01-17T02:45:00+00:00,3.276,11.3
2026-01-17T02:50:00+00:00,3.252,11.301
2026-01-17T02:55:00+00:00,3.193,11.2
2026-01-17T03:00:00+00:00,3.133,11.2
2026-01-17T03:05:00+00:00,3.126,11.2
2026-01-17T03:10:00+00:00,3.104,11.2
2026-01-17T03:15:00+00:00,3.102,11.2
2026-01-17T03:20:00+00:00,3.082,11.2
2026-01-17T03:25:00+00:00,3.042,11.2
2026-01-17T03:30:00+00:00,3.037,11.2
2026-01-17T03:35:00+00:00,3.034,11.2
2026-01-17T03:40:00+00:00,3.031,11.2
2026-01-17T03:45:00+00:00,3.032,11.2
2026-01-17T03:50:00+00:00,3.037,11.2
2026-01-17T03:55:00+00:00,2.998,11.204
2026-01-17T04:00:00+00:00,2.978,11.2
2026-01-17T04:05:00+00:00,3.012,11.194
2026-01-17T04:10:00+00:00,3.038,11.282
2026-01-17T04:15:00+00:00,3.068,11.278
2026-01-17T04:20:00+00:00,3.047,11.238
2026-01-17T04:25:00+00:00,2.992,11.247
2026-01-17T04:30:00+00:00,2.987,11.3
2026-01-17T04:35:00+00:00,2.984,11.3
2026-01-17T04:40:00+00:00,2.964,11.3
2026-01-17T04:45:00+00:00,2.978,11.3
2026-01-17T04:50:00+00:00,3.007,11.3
2026-01-17T04:55:00+00:00,3.041,11.3
2026-01-17T05:00:00+00:00,3.022,11.3
2026-01-17T05:05:00+00:00,3.093,11.3
2026-01-17T05:10:00+00:00,3.092,11.3
2026-01-17T05:15:00+00:00,3.021,11.3
2026-01-17T05:20:00+00:00,2.979,11.3
2026-01-17T05:25:00+00:00,3.029,11.3
2026-01-17T05:30:00+00:00,3.036,11.3
2026-01-17T05:35:00+00:00,2.979,11.308
2026-01-17T05:40:00+00:00,3.0,11.24
2026-01-17T05:45:00+00:00,3.02,11.2
2026-01-17T05:50:00+00:00,3.008,11.2
2026-01-17T05:55:00+00:00,3.035,11.2
2026-01-17T06:00:00+00:00,3.046,11.2
2026-01-17T06:05:00+00:00,3.118,11.17
2026-01-17T06:10:00+00:00,3.172,11.125
2026-01-17T06:15:00+00:00,3.316,11.176
2026-01-17T06:20:00+00:00,3.377,11.2
2026-01-17T06:25:00+00:00,3.401,11.2
2026-01-17T06:30:00+00:00,3.367,11.216
2026-01-17T06:35:00+00:00,3.434,11.206
2026-01-17T06:40:00+00:00,3.47,11.2
2026-01-17T06:45:00+00:00,3.468,11.2
2026-01-17T06:50:00+00:00,3.486,11.2
2026-01-17T06:55:00+00:00,3.563,11.183
2026-01-17T07:00:00+00:00,3.522,11.2
2026-01-17T07:05:00+00:00,3.552,11.13
2026-01-17T07:10:00+00:00,3.685,11.2
2026-01-17T07:15:00+00:00,3.712,11.2
2026-01-17T07:20:00+00:00,3.642,11.2
2026-01-17T07:25:00+00:00,3.69,11.2
2026-01-17T07:30:00+00:00,3.688,11.2
2026-01-17T07:35:00+00:00,3.662,11.22
2026-01-17T07:40:00+00:00,3.71,11.298
2026-01-17T07:45:00+00:00,3.742,11.258
2026-01-17T07:50:00+00:00,3.769,11.2
2026-01-17T07:55:00+00:00,3.808,11.2
2026-01-17T08:00:00+00:00,3.819,11.246
2026-01-17T08:05:00+00:00,3.932,11.3
2026-01-17T08:10:00+00:00,4.04,11.282
2026-01-17T08:15:00+00:00,4.082,11.246
2026-01-17T08:20:00+00:00,4.14,11.2
2026-01-17T08:25:00+00:00,4.226,11.2
2026-01-17T08:30:00+00:00,4.233,11.2
2026-01-17T08:35:00+00:00,4.314,11.208
2026-01-17T08:40:00+00:00,4.302,11.2
2026-01-17T08:45:00+00:00,4.352,11.2
2026-01-17T08:50:00+00:00,4.43,11.2
2026-01-17T08:55:00+00:00,4.446,11.2
2026-01-17T09:00:00+00:00,4.555,11.2
2026-01-17T09:05:00+00:00,4.562,11.2
2026-01-17T09:10:00+00:00,4.694,11.2
2026-01-17T09:15:00+00:00,4.679,11.2
2026-01-17T09:20:00+00:00,4.737,11.2
2026-01-17T09:25:00+00:00,4.784,11.188
2026-01-17T09:30:00+00:00,4.848,11.2
2026-01-17T09:35:00+00:00,4.944,11.2
2026-01-17T09:40:00+00:00,4.986,11.2
2026-01-17T09:45:00+00:00,4.966,11.2
2026-01-17T09:50:00+00:00,4.894,11.2
2026-01-17T09:55:00+00:00,4.922,11.197
2026-01-17T10:00:00+00:00,4.974,11.2
2026-01-17T10:05:00+00:00,5.065,11.2
2026-01-17T10:10:00+00:00,5.11,11.194
2026-01-17T10:15:00+00:00,5.151,11.196
2026-01-17T10:20:00+00:00,5.164,11.17
2026-01-17T10:25:00+00:00,5.193,11.1
2026-01-17T10:30:00+00:00,5.288,11.104
2026-01-17T10:35:00+00:00,5.304,11.114
2026-01-17T10:40:00+00:00,5.334,11.2
2026-01-17T10:45:00+00:00,5.422,11.2
2026-01-17T10:50:00+00:00,5.563,11.2
2026-01-17T10:55:00+00:00,5.584,11.2
2026-01-17T11:00:00+00:00,5.569,11.2
2026-01-17T11:05:00+00:00,5.559,11.202
2026-01-17T11:10:00+00:00,5.558,11.204
2026-01-17T11:15:00+00:00,5.488,11.238
2026-01-17T11:20:00+00:00,5.49,11.268
2026-01-17T11:25:00+00:00,5.465,11.266
2026-01-17T11:30:00+00:00,5.557,11.228
2026-01-17T11:35:00+00:00,5.574,11.2
2026-01-17T11:40:00+00:00,5.632,11.2
2026-01-17T11:45:00+00:00,5.669,11.2
2026-01-17T11:50:00+00:00,5.717,11.2
2026-01-17T11:55:00+00:00,5.704,11.247
2026-01-17T12:00:00+00:00,5.671,11.258
2026-01-17T12:05:00+00:00,5.544,11.2
2026-01-17T12:10:00+00:00,5.505,11.2
2026-01-17T12:15:00+00:00,5.446,11.2
2026-01-17T12:20:00+00:00,5.484,11.2
2026-01-17T12:25:00+00:00,5.442,11.2
2026-01-17T12:30:00+00:00,5.369,11.2
2026-01-17T12:35:00+00:00,5.432,11.2
2026-01-17T12:40:00+00:00,5.42,11.2
2026-01-17T12:45:00+00:00,5.368,11.203
2026-01-17T12:50:00+00:00,5.422,11.222
2026-01-17T12:55:00+00:00,5.412,11.294
2026-01-17T13:00:00+00:00,5.47,11.3
2026-01-17T13:05:00+00:00,5.428,11.3
2026-01-17T13:10:00+00:00,5.466,11.294
2026-01-17T13:15:00+00:00,5.438,11.3
2026-01-17T13:20:00+00:00,5.313,11.3
2026-01-17T13:25:00+00:00,5.387,11.3
2026-01-17T13:30:00+00:00,5.306,11.3
2026-01-17T13:35:00+00:00,5.292,11.3
2026-01-17T13:40:00+00:00,5.249,11.3
2026-01-17T13:45:00+00:00,5.257,11.3
2026-01-17T13:50:00+00:00,5.176,11.3
2026-01-17T13:55:00+00:00,5.186,11.276
2026-01-17T14:00:00+00:00,5.168,11.2
2026-01-17T14:05:00+00:00,5.156,11.2
2026-01-17T14:10:00+00:00,5.111,11.2
2026-01-17T14:15:00+00:00,5.142,11.2
2026-01-17T14:20:00+00:00,5.174,11.2
2026-01-17T14:25:00+00:00,5.076,11.2
2026-01-17T14:30:00+00:00,5.102,11.2
2026-01-17T14:35:00+00:00,5.204,11.251
2026-01-17T14:40:00+00:00,5.228,11.286
2026-01-17T14:45:00+00:00,5.275,11.218
2026-01-17T14:50:00+00:00,5.27,11.223
2026-01-17T14:55:00+00:00,5.278,11.2
2026-01-17T15:00:00+00:00,5.315,11.213
2026-01-17T15:05:00+00:00,5.336,11.228
2026-01-17T15:10:00+00:00,5.323,11.293
2026-01-17T15:15:00+00:00,5.291,11.283
2026-01-17T15:20:00+00:00,5.293,11.297
2026-01-17T15:25:00+00:00,5.294,11.291
2026-01-17T15:30:00+00:00,5.268,11.275
2026-01-17T15:35:00+00:00,5.285,11.229
2026-01-17T15:40:00+00:00,5.189,11.208
2026-01-17T15:45:00+00:00,5.202,11.2
2026-01-17T15:50:00+00:00,5.23,11.2
2026-01-17T15:55:00+00:00,5.254,11.2
2026-01-17T16:00:00+00:00,5.376,11.2
2026-01-17T16:05:00+00:00,5.376,11.2
2026-01-17T16:10:00+00:00,5.416,11.2
2026-01-17T16:15:00+00:00,5.399,11.2
2026-01-17T16:20:00+00:00,5.454,11.2
2026-01-17T16:25:00+00:00,5.513,11.198
2026-01-17T16:30:00+00:00,5.57,11.2
2026-01-17T16:35:00+00:00,5.61,11.2
2026-01-17T16:40:00+00:00,5.62,11.2
2026-01-17T16:45:00+00:00,5.696,11.198
2026-01-17T16:50:00+00:00,5.854,11.197
2026-01-17T16:55:00+00:00,5.868,11.2
2026-01-17T17:00:00+00:00,5.97,11.2
2026-01-17T17:05:00+00:00,6.087,11.196
2026-01-17T17:10:00+00:00,6.129,11.178
2026-01-17T17:15:00+00:00,6.326,11.2
2026-01-17T17:20:00+00:00,6.342,11.2
2026-01-17T17:25:00+00:00,6.322,11.2
2026-01-17T17:30:00+00:00,6.397,11.2
2026-01-17T17:35:00+00:00,6.398,11.198
2026-01-17T17:40:00+00:00,6.232,11.261
2026-01-17T17:45:00+00:00,6.088,11.226
2026-01-17T17:50:00+00:00,6.039,11.2
2026-01-17T17:55:00+00:00,5.972,11.2
2026-01-17T18:00:00+00:00,5.98,11.2
2026-01-17T18:05:00+00:00,6.072,11.2
2026-01-17T18:10:00+00:00,6.151,11.218
2026-01-17T18:15:00+00:00,6.145,11.26
2026-01-17T18:20:00+00:00,6.102,11.293
2026-01-17T18:25:00+00:00,6.134,11.298
2026-01-17T18:30:00+00:00,6.19,11.294
2026-01-17T18:35:00+00:00,6.138,11.3
2026-01-17T18:40:00+00:00,6.126,11.3
2026-01-17T18:45:00+00:00,6.039,11.3
2026-01-17T18:50:00+00:00,6.023,11.3
2026-01-17T18:55:00+00:00,5.932,11.313
2026-01-17T19:00:00+00:00,5.877,11.311
2026-01-17T19:05:00+00:00,5.876,11.3
2026-01-17T19:10:00+00:00,5.775,11.3
2026-01-17T19:15:00+00:00,5.718,11.308
2026-01-17T19:20:00+00:00,5.637,11.319
2026-01-17T19:25:00+00:00,5.617,11.3
2026-01-17T19:30:00+00:00,5.58,11.258
2026-01-17T19:35:00+00:00,5.617,11.2
2026-01-17T19:40:00+00:00,5.6,11.2
2026-01-17T19:45:00+00:00,5.583,11.2
2026-01-17T19:50:00+00:00,5.542,11.2
2026-01-17T19:55:00+00:00,5.45,11.2
2026-01-17T20:00:00+00:00,5.454,11.211
2026-01-17T20:05:00+00:00,5.486,11.214
2026-01-17T20:10:00+00:00,5.495,11.202
2026-01-17T20:15:00+00:00,5.482,11.2
2026-01-17T20:20:00+00:00,5.42,11.218
2026-01-17T20:25:00+00:00,5.367,11.298
2026-01-17T20:30:00+00:00,5.285,11.3
2026-01-17T20:35:00+00:00,5.285,11.3
2026-01-17T20:40:00+00:00,5.296,11.3
2026-01-17T20:45:00+00:00,5.285,11.3
2026-01-17T20:50:00+00:00,5.274,11.3
2026-01-17T20:55:00+00:00,5.188,11.3
2026-01-17T21:00:00+00:00,5.136,11.3
2026-01-17T21:05:00+00:00,5.121,11.3
2026-01-17T21:10:00+00:00,5.044,11.3
2026-01-17T21:15:00+00:00,4.97,11.3
2026-01-17T21:20:00+00:00,4.954,11.3
2026-01-17T21:25:00+00:00,5.004,11.3
2026-01-17T21:30:00+00:00,4.934,11.323
2026-01-17T21:35:00+00:00,4.938,11.284
2026-01-17T21:40:00+00:00,4.881,11.288
2026-01-17T21:45:00+00:00,4.804,11.292
2026-01-17T21:50:00+00:00,4.709,11.3
2026-01-17T21:55:00+00:00,4.691,11.3
2026-01-17T22:00:00+00:00,4.695,11.3
2026-01-17T22:05:00+00:00,4.631,11.3
2026-01-17T22:10:00+00:00,4.584,11.3
2026-01-17T22:15:00+00:00,4.498,11.3
2026-01-17T22:20:00+00:00,4.483,11.3
2026-01-17T22:25:00+00:00,4.483,11.301
2026-01-17T22:30:00+00:00,4.481,11.282
2026-01-17T22:35:00+00:00,4.456,11.3
2026-01-17T22:40:00+00:00,4.387,11.3
2026-01-17T22:45:00+00:00,4.376,11.3
2026-01-17T22:50:00+00:00,4.335,11.3
2026-01-17T22:55:00+00:00,4.318,11.3
2026-01-17T23:00:00+00:00,4.266,11.3
2026-01-17T23:05:00+00:00,4.212,11.33
2026-01-17T23:10:00+00:00,4.19,11.3
2026-01-17T23:15:00+00:00,4.107,11.3
2026-01-17T23:20:00+00:00,4.036,11.3
2026-01-17T23:25:00+00:00,3.974,11.3
2026-01-17T23:30:00+00:00,3.958,11.3
2026-01-17T23:35:00+00:00,3.902,11.3
2026-01-17T23:40:00+00:00,3.824,11.3
2026-01-17T23:45:00+00:00,3.77,11.3
2026-01-17T23:50:00+00:00,3.773,11.3
2026-01-17T23:55:00+00:00,3.718,11.3
2026-01-18T00:00:00+00:00,3.708,11.324
2026-01-18T00:05:00+00:00,3.684,11.304
2026-01-18T00:10:00+00:00,3.653,11.3
2026-01-18T00:15:00+00:00,3.694,11.3
2026-01-18T00:20:00+00:00,3.706,11.3
2026-01-18T00:25:00+00:00,3.62,11.302
2026-01-18T00:30:00+00:00,3.593,11.318
2026-01-18T00:35:00+00:00,3.708,11.204
2026-01-18T00:40:00+00:00,3.733,11.2
2026-01-18T00:45:00+00:00,3.728,11.2
2026-01-18T00:50:00+00:00,3.715,11.2
2026-01-18T00:55:00+00:00,3.678,11.2
2026-01-18T01:00:00+00:00,3.688,11.2
2026-01-18T01:05:00+00:00,3.682,11.2
2026-01-18T01:10:00+00:00,3.632,11.2
2026-01-18T01:15:00+00:00,3.645,11.2
2026-01-18T01:20:00+00:00,3.633,11.2
2026-01-18T01:25:00+00:00,3.566,11.2
2026-01-18T01:30:00+00:00,3.53,11.2
2026-01-18T01:35:00+00:00,3.565,11.2
2026-01-18T01:40:00+00:00,3.52,11.228
2026-01-18T01:45:00+00:00,3.472,11.203
2026-01-18T01:50:00+00:00,3.406,11.294
2026-01-18T01:55:00+00:00,3.416,11.3
2026-01-18T02:00:00+00:00,3.333,11.3
2026-01-18T02:05:00+00:00,3.322,11.3
2026-01-18T02:10:00+00:00,3.344,11.3
2026-01-18T02:15:00+00:00,3.356,11.3
2026-01-18T02:20:00+00:00,3.33,11.3
2026-01-18T02:25:00+00:00,3.286,11.3
2026-01-18T02:30:00+00:00,3.242,11.3
2026-01-18T02:35:00+00:00,3.254,11.3
2026-01-18T02:40:00+00:00,3.198,11.3
2026-01-18T02:45:00+00:00,3.229,11.3
2026-01-18T02:50:00+00:00,3.21,11.3
2026-01-18T02:55:00+00:00,3.164,11.3
2026-01-18T03:00:00+00:00,3.109,11.3
2026-01-18T03:05:00+00:00,3.106,11.3
2026-01-18T03:10:00+00:00,3.036,11.3
2026-01-18T03:15:00+00:00,3.044,11.288
2026-01-18T03:20:00+00:00,3.034,11.2
2026-01-18T03:25:00+00:00,3.028,11.2
2026-01-18T03:30:00+00:00,3.002,11.2
2026-01-18T03:35:00+00:00,2.972,11.2
2026-01-18T03:40:00+00:00,3.041,11.2
2026-01-18T03:45:00+00:00,3.077,11.2
2026-01-18T03:50:00+00:00,3.017,11.215
2026-01-18T03:55:00+00:00,3.023,11.25
2026-01-18T04:00:00+00:00,3.0,11.3
2026-01-18T04:05:00+00:00,3.013,11.252
2026-01-18T04:10:00+00:00,2.994,11.21
2026-01-18T04:15:00+00:00,2.968,11.2
2026-01-18T04:20:00+00:00,2.987,11.223
2026-01-18T04:25:00+00:00,2.973,11.3
2026-01-18T04:30:00+00:00,2.953,11.3
2026-01-18T04:35:00+00:00,2.95,11.3
2026-01-18T04:40:00+00:00,2.901,11.3
2026-01-18T04:45:00+00:00,2.899,11.3
2026-01-18T04:50:00+00:00,2.909,11.3
2026-01-18T04:55:00+00:00,2.942,11.3
2026-01-18T05:00:00+00:00,2.917,11.3
2026-01-18T05:05:00+00:00,2.966,11.3
2026-01-18T05:10:00+00:00,3.009,11.3
2026-01-18T05:15:00+00:00,2.978,11.3
2026-01-18T05:20:00+00:00,2.918,11.3
2026-01-18T05:25:00+00:00,2.932,11.3
2026-01-18T05:30:00+00:00,2.936,11.3
2026-01-18T05:35:00+00:00,2.96,11.3
2026-01-18T05:40:00+00:00,2.974,11.3
2026-01-18T05:45:00+00:00,2.984,11.3
2026-01-18T05:50:00+00:00,2.98,11.3
2026-01-18T05:55:00+00:00,3.004,11.3
2026-01-18T06:00:00+00:00,3.027,11.3
2026-01-18T06:05:00+00:00,3.077,11.3
2026-01-18T06:10:00+00:00,3.114,11.3
2026-01-18T06:15:00+00:00,3.117,11.3
2026-01-18T06:20:00+00:00,3.089,11.298
2026-01-18T06:25:00+00:00,3.157,11.272
2026-01-18T06:30:00+00:00,3.126,11.274
2026-01-18T06:35:00+00:00,3.215,11.238
2026-01-18T06:40:00+00:00,3.156,11.2
2026-01-18T06:45:00+00:00,3.18,11.2
2026-01-18T06:50:00+00:00,3.231,11.2
2026-01-18T06:55:00+00:00,3.224,11.2
2026-01-18T07:00:00+00:00,3.236,11.206
2026-01-18T07:05:00+00:00,3.303,11.2
2026-01-18T07:10:00+00:00,3.278,11.2
2026-01-18T07:15:00+00:00,3.342,11.2
2026-01-18T07:20:00+00:00,3.35,11.2
2026-01-18T07:25:00+00:00,3.419,11.2
2026-01-18T07:30:00+00:00,3.418,11.2
2026-01-18T07:35:00+00:00,3.431,11.2
2026-01-18T07:40:00+00:00,3.446,11.2
2026-01-18T07:45:00+00:00,3.491,11.186
2026-01-18T07:50:00+00:00,3.548,11.108
2026-01-18T07:55:00+00:00,3.631,11.183
2026-01-18T08:00:00+00:00,3.692,11.2
2026-01-18T08:05:00+00:00,3.756,11.2
2026-01-18T08:10:00+00:00,3.822,11.186
2026-01-18T08:15:00+00:00,3.848,11.191
2026-01-18T08:20:00+00:00,3.855,11.2
2026-01-18T08:25:00+00:00,3.944,11.2
2026-01-18T08:30:00+00:00,3.963,11.2
2026-01-18T08:35:00+00:00,3.998,11.2
2026-01-18T08:40:00+00:00,4.083,11.2
2026-01-18T08:45:00+00:00,4.179,11.2
2026-01-18T08:50:00+00:00,4.245,11.2
2026-01-18T08:55:00+00:00,4.218,11.2
2026-01-18T09:00:00+00:00,4.295,11.2
2026-01-18T09:05:00+00:00,4.408,11.2
2026-01-18T09:10:00+00:00,4.472,11.164
2026-01-18T09:15:00+00:00,4.524,11.1
2026-01-18T09:20:00+00:00,4.552,11.116
2026-01-18T09:25:00+00:00,4.748,11.2
2026-01-18T09:30:00+00:00,4.776,11.2
2026-01-18T09:35:00+00:00,4.92,11.24
2026-01-18T09:40:00+00:00,4.774,11.2
2026-01-18T09:45:00+00:00,4.807,11.2
2026-01-18T09:50:00+00:00,4.896,11.172
2026-01-18T09:55:00+00:00,5.006,11.111
2026-01-18T10:00:00+00:00,5.038,11.14
2026-01-18T10:05:00+00:00,5.058,11.1
2026-01-18T10:10:00+00:00,5.073,11.113
2026-01-18T10:15:00+00:00,5.025,11.2
2026-01-18T10:20:00+00:00,4.978,11.2
2026-01-18T10:25:00+00:00,5.028,11.2
2026-01-18T10:30:00+00:00,5.133,11.2
2026-01-18T10:35:00+00:00,5.223,11.161
2026-01-18T10:40:00+00:00,5.256,11.128
2026-01-18T10:45:00+00:00,5.372,11.2
2026-01-18T10:50:00+00:00,5.392,11.2
2026-01-18T10:55:00+00:00,5.448,11.2
2026-01-18T11:00:00+00:00,5.501,11.2
2026-01-18T11:05:00+00:00,5.514,11.21
2026-01-18T11:10:00+00:00,5.552,11.2
2026-01-18T11:15:00+00:00,5.565,11.2
2026-01-18T11:20:00+00:00,5.616,11.2
2026-01-18T11:25:00+00:00,5.593,11.2
2026-01-18T11:30:00+00:00,5.594,11.2
2026-01-18T11:35:00+00:00,5.598,11.204
2026-01-18T11:40:00+00:00,5.607,11.2
2026-01-18T11:45:00+00:00,5.68,11.2
2026-01-18T11:50:00+00:00,5.62,11.2
2026-01-18T11:55:00+00:00,5.698,11.2
2026-01-18T12:00:00+00:00,5.726,11.2
2026-01-18T12:05:00+00:00,5.804,11.2
2026-01-18T12:10:00+00:00,5.75,11.2
2026-01-18T12:15:00+00:00,5.85,11.2
2026-01-18T12:20:00+00:00,5.928,11.2
2026-01-18T12:25:00+00:00,5.912,11.2
2026-01-18T12:30:00+00:00,5.868,11.2
2026-01-18T12:35:00+00:00,5.895,11.2
2026-01-18T12:40:00+00:00,5.932,11.2
2026-01-18T12:45:00+00:00,5.838,11.2
2026-01-18T12:50:00+00:00,5.905,11.2
2026-01-18T12:55:00+00:00,5.852,11.195
2026-01-18T13:00:00+00:00,5.892,11.192
2026-01-18T13:05:00+00:00,6.002,11.177
2026-01-18T13:10:00+00:00,6.055,11.2
2026-01-18T13:15:00+00:00,6.095,11.2
2026-01-18T13:20:00+00:00,6.06,11.2
2026-01-18T13:25:00+00:00,6.06,11.2
2026-01-18T13:30:00+00:00,6.048,11.2
2026-01-18T13:35:00+00:00,6.076,11.2
2026-01-18T13:40:00+00:00,5.925,11.2
2026-01-18T13:45:00+00:00,5.857,11.2
2026-01-18T13:50:00+00:00,5.896,11.196
2026-01-18T13:55:00+00:00,5.886,11.2
2026-01-18T14:00:00+00:00,5.942,11.2
2026-01-18T14:05:00+00:00,5.938,11.2
2026-01-18T14:10:00+00:00,5.91,11.2
2026-01-18T14:15:00+00:00,5.818,11.128
2026-01-18T14:20:00+00:00,5.932,11.163
2026-01-18T14:25:00+00:00,5.977,11.2
2026-01-18T14:30:00+00:00,5.996,11.2
2026-01-18T14:35:00+00:00,5.992,11.2
2026-01-18T14:40:00+00:00,5.914,11.2
2026-01-18T14:45:00+00:00,6.015,11.2
2026-01-18T14:50:00+00:00,5.992,11.2
2026-01-18T14:55:00+00:00,5.98,11.2
2026-01-18T15:00:00+00:00,5.93,11.2
2026-01-18T15:05:00+00:00,5.861,11.2
2026-01-18T15:10:00+00:00,5.872,11.2
2026-01-18T15:15:00+00:00,5.918,11.2
2026-01-18T15:20:00+00:00,5.968,11.171
2026-01-18T15:25:00+00:00,6.023,11.2
2026-01-18T15:30:00+00:00,5.954,11.222
2026-01-18T15:35:00+00:00,5.886,11.2
2026-01-18T15:40:00+00:00,5.956,11.2
2026-01-18T15:45:00+00:00,5.916,11.2
2026-01-18T15:50:00+00:00,6.007,11.2
2026-01-18T15:55:00+00:00,6.03,11.2
2026-01-18T16:00:00+00:00,6.046,11.2
2026-01-18T16:05:00+00:00,6.093,11.2
2026-01-18T16:10:00+00:00,6.172,11.162
2026-01-18T16:15:00+00:00,6.141,11.122
2026-01-18T16:20:00+00:00,6.22,11.1
2026-01-18T16:25:00+00:00,6.232,11.1
2026-01-18T16:30:00+00:00,6.263,11.1
2026-01-18T16:35:00+00:00,6.357,11.138
2026-01-18T16:40:00+00:00,6.391,11.2
2026-01-18T16:45:00+00:00,6.385,11.256
2026-01-18T16:50:00+00:00,6.262,11.254
2026-01-18T16:55:00+00:00,6.303,11.289
2026-01-18T17:00:00+00:00,6.336,11.252
2026-01-18T17:05:00+00:00,6.285,11.214
2026-01-18T17:10:00+00:00,6.295,11.203
2026-01-18T17:15:00+00:00,6.368,11.295
2026-01-18T17:20:00+00:00,6.419,11.3
2026-01-18T17:25:00+00:00,6.5,11.3
2026-01-18T17:30:00+00:00,6.545,11.3
2026-01-18T17:35:00+00:00,6.592,11.3
2026-01-18T17:40:00+00:00,6.582,11.3
2026-01-18T17:45:00+00:00,6.473,11.255
2026-01-18T17:50:00+00:00,6.384,11.2
2026-01-18T17:55:00+00:00,6.35,11.204
2026-01-18T18:00:00+00:00,6.436,11.2
2026-01-18T18:05:00+00:00,6.375,11.182
2026-01-18T18:10:00+00:00,6.482,11.207
2026-01-18T18:15:00+00:00,6.514,11.272
2026-01-18T18:20:00+00:00,6.402,11.297
2026-01-18T18:25:00+00:00,6.279,11.3
2026-01-18T18:30:00+00:00,6.233,11.222
2026-01-18T18:35:00+00:00,6.258,11.297
2026-01-18T18:40:00+00:00,6.222,11.3
2026-01-18T18:45:00+00:00,6.145,11.3
2026-01-18T18:50:00+00:00,6.082,11.3
2026-01-18T18:55:00+00:00,6.096,11.314
2026-01-18T19:00:00+00:00,6.028,11.3
2026-01-18T19:05:00+00:00,5.977,11.3
2026-01-18T19:10:00+00:00,5.96,11.3
2026-01-18T19:15:00+00:00,5.954,11.3
2026-01-18T19:20:00+00:00,5.874,11.306
2026-01-18T19:25:00+00:00,5.817,11.353
2026-01-18T19:30:00+00:00,5.82,11.29
2026-01-18T19:35:00+00:00,5.83,11.2
2026-01-18T19:40:00+00:00,5.818,11.2
2026-01-18T19:45:00+00:00,5.704,11.2
2026-01-18T19:50:00+00:00,5.722,11.2
2026-01-18T19:55:00+00:00,5.712,11.2
2026-01-18T20:00:00+00:00,5.704,11.2
2026-01-18T20:05:00+00:00,5.658,11.227
2026-01-18T20:10:00+00:00,5.64,11.298
2026-01-18T20:15:00+00:00,5.576,11.3
2026-01-18T20:20:00+00:00,5.505,11.241
2026-01-18T20:25:00+00:00,5.446,11.25
2026-01-18T20:30:00+00:00,5.416,11.23
2026-01-18T20:35:00+00:00,5.512,11.293
2026-01-18T20:40:00+00:00,5.393,11.212
2026-01-18T20:45:00+00:00,5.348,11.204
2026-01-18T20:50:00+00:00,5.322,11.221
2026-01-18T20:55:00+00:00,5.243,11.2
2026-01-18T21:00:00+00:00,5.248,11.204
2026-01-18T21:05:00+00:00,5.181,11.211
2026-01-18T21:10:00+00:00,5.164,11.216
2026-01-18T21:15:00+00:00,5.112,11.3
2026-01-18T21:20:00+00:00,5.059,11.3
2026-01-18T21:25:00+00:00,5.017,11.3
2026-01-18T21:30:00+00:00,4.972,11.3
2026-01-18T21:35:00+00:00,4.942,11.3
2026-01-18T21:40:00+00:00,4.822,11.298
2026-01-18T21:45:00+00:00,4.812,11.3
2026-01-18T21:50:00+00:00,4.73,11.3
2026-01-18T21:55:00+00:00,4.694,11.3
2026-01-18T22:00:00+00:00,4.652,11.3
2026-01-18T22:05:00+00:00,4.519,11.3
2026-01-18T22:10:00+00:00,4.494,11.3
2026-01-18T22:15:00+00:00,4.378,11.317
2026-01-18T22:20:00+00:00,4.382,11.302
2026-01-18T22:25:00+00:00,4.392,11.266
2026-01-18T22:30:00+00:00,4.352,11.278
2026-01-18T22:35:00+00:00,4.288,11.283
2026-01-18T22:40:00+00:00,4.202,11.26
2026-01-18T22:45:00+00:00,4.159,11.3
2026-01-18T22:50:00+00:00,4.108,11.3
2026-01-18T22:55:00+00:00,4.059,11.3
2026-01-18T23:00:00+00:00,3.98,11.3
2026-01-18T23:05:00+00:00,3.946,11.3
2026-01-18T23:10:00+00:00,3.81,11.294
2026-01-18T23:15:00+00:00,3.679,11.2
2026-01-18T23:20:00+00:00,3.628,11.2
2026-01-18T23:25:00+00:00,3.636,11.2
2026-01-18T23:30:00+00:00,3.56,11.2
2026-01-18T23:35:00+00:00,3.518,11.2
2026-01-18T23:40:00+00:00,3.522,11.203
2026-01-18T23:45:00+00:00,3.442,11.266
2026-01-18T23:50:00+00:00,3.417,11.3
2026-01-18T23:55:00+00:00,3.399,11.286
2026-01-19T00:00:00+00:00,3.381,11.2
2026-01-19T00:05:00+00:00,3.394,11.238
2026-01-19T00:10:00+00:00,3.385,11.295
2026-01-19T00:15:00+00:00,3.383,11.253
2026-01-19T00:20:00+00:00,3.391,11.268
2026-01-19T00:25:00+00:00,3.29,11.297
2026-01-19T00:30:00+00:00,3.287,11.282
2026-01-19T00:35:00+00:00,3.39,11.202
2026-01-19T00:40:00+00:00,3.533,11.294
2026-01-19T00:45:00+00:00,3.555,11.284
2026-01-19T00:50:00+00:00,3.52,11.3
2026-01-19T00:55:00+00:00,3.505,11.3
2026-01-19T01:00:00+00:00,3.478,11.3
2026-01-19T01:05:00+00:00,3.486,11.3
2026-01-19T01:10:00+00:00,3.532,11.298
2026-01-19T01:15:00+00:00,3.452,11.3
2026-01-19T01:20:00+00:00,3.414,11.3
2026-01-19T01:25:00+00:00,3.4,11.3
2026-01-19T01:30:00+00:00,3.38,11.3
2026-01-19T01:35:00+00:00,3.34,11.3
2026-01-19T01:40:00+00:00,3.309,11.3
2026-01-19T01:45:00+00:00,3.28,11.3
2026-01-19T01:50:00+00:00,3.226,11.3
2026-01-19T01:55:00+00:00,3.18,11.3
2026-01-19T02:00:00+00:00,3.206,11.3
2026-01-19T02:05:00+00:00,3.198,11.3
2026-01-19T02:10:00+00:00,3.217,11.3
2026-01-19T02:15:00+00:00,3.206,11.3
2026-01-19T02:20:00+00:00,3.166,11.297
2026-01-19T02:25:00+00:00,3.102,11.3
2026-01-19T02:30:00+00:00,3.107,11.3
2026-01-19T02:35:00+00:00,3.11,11.212
2026-01-19T02:40:00+00:00,3.086,11.2
2026-01-19T02:45:00+00:00,3.025,11.2
2026-01-19T02:50:00+00:00,3.045,11.206
2026-01-19T02:55:00+00:00,3.042,11.274
2026-01-19T03:00:00+00:00,3.006,11.3
2026-01-19T03:05:00+00:00,2.984,11.208
2026-01-19T03:10:00+00:00,2.958,11.2
2026-01-19T03:15:00+00:00,2.938,11.2
2026-01-19T03:20:00+00:00,2.937,11.2
2026-01-19T03:25:00+00:00,2.954,11.2
2026-01-19T03:30:00+00:00,2.938,11.258
2026-01-19T03:35:00+00:00,2.95,11.201
2026-01-19T03:40:00+00:00,2.94,11.204
2026-01-19T03:45:00+00:00,2.939,11.264
2026-01-19T03:50:00+00:00,2.878,11.3
2026-01-19T03:55:00+00:00,2.918,11.3
2026-01-19T04:00:00+00:00,2.891,11.3
2026-01-19T04:05:00+00:00,2.947,11.296
2026-01-19T04:10:00+00:00,2.95,11.222
2026-01-19T04:15:00+00:00,2.912,11.226
2026-01-19T04:20:00+00:00,2.903,11.26
2026-01-19T04:25:00+00:00,2.886,11.299
2026-01-19T04:30:00+00:00,2.901,11.3
2026-01-19T04:35:00+00:00,2.872,11.238
2026-01-19T04:40:00+00:00,2.91,11.2
2026-01-19T04:45:00+00:00,2.922,11.2
2026-01-19T04:50:00+00:00,2.928,11.2
2026-01-19T04:55:00+00:00,2.906,11.264
2026-01-19T05:00:00+00:00,2.932,11.299
2026-01-19T05:05:00+00:00,3.006,11.246
2026-01-19T05:10:00+00:00,3.018,11.218
2026-01-19T05:15:00+00:00,2.953,11.3
2026-01-19T05:20:00+00:00,2.955,11.3
2026-01-19T05:25:00+00:00,3.008,11.3
2026-01-19T05:30:00+00:00,3.011,11.3
2026-01-19T05:35:00+00:00,3.037,11.244
2026-01-19T05:40:00+00:00,3.076,11.2
2026-01-19T05:45:00+00:00,3.094,11.2
2026-01-19T05:50:00+00:00,3.19,11.2
2026-01-19T05:55:00+00:00,3.19,11.2
2026-01-19T06:00:00+00:00,3.268,11.2
2026-01-19T06:05:00+00:00,3.361,11.2
2026-01-19T06:10:00+00:00,3.511,11.196
2026-01-19T06:15:00+00:00,3.547,11.209
2026-01-19T06:20:00+00:00,3.613,11.2
2026-01-19T06:25:00+00:00,3.644,11.2
2026-01-19T06:30:00+00:00,3.637,11.2
2026-01-19T06:35:00+00:00,3.726,11.114
2026-01-19T06:40:00+00:00,3.902,11.1
2026-01-19T06:45:00+00:00,4.059,11.189
2026-01-19T06:50:00+00:00,4.117,11.23
2026-01-19T06:55:00+00:00,4.136,11.166
2026-01-19T07:00:00+00:00,4.122,11.2
2026-01-19T07:05:00+00:00,4.239,11.2
2026-01-19T07:10:00+00:00,4.295,11.2
2026-01-19T07:15:00+00:00,4.402,11.2
2026-01-19T07:20:00+00:00,4.446,11.194
2026-01-19T07:25:00+00:00,4.479,11.196
2026-01-19T07:30:00+00:00,4.536,11.164
2026-01-19T07:35:00+00:00,4.59,11.102
2026-01-19T07:40:00+00:00,4.704,11.199
2026-01-19T07:45:00+00:00,4.816,11.2
2026-01-19T07:50:00+00:00,4.772,11.2
2026-01-19T07:55:00+00:00,4.888,11.194
2026-01-19T08:00:00+00:00,4.772,11.177
2026-01-19T08:05:00+00:00,4.732,11.165
2026-01-19T08:10:00+00:00,4.897,11.158
2026-01-19T08:15:00+00:00,4.94,11.158
2026-01-19T08:20:00+00:00,5.018,11.18
2026-01-19T08:25:00+00:00,4.894,11.151
2026-01-19T08:30:00+00:00,4.884,11.194
2026-01-19T08:35:00+00:00,4.911,11.154
2026-01-19T08:40:00+00:00,4.919,11.1
2026-01-19T08:45:00+00:00,4.91,11.1
2026-01-19T08:50:00+00:00,4.98,11.1
2026-01-19T08:55:00+00:00,4.982,11.1
2026-01-19T09:00:00+00:00,4.902,11.142
2026-01-19T09:05:00+00:00,4.857,11.194
2026-01-19T09:10:00+00:00,4.985,11.114
2026-01-19T09:15:00+00:00,5.056,11.2
2026-01-19T09:20:00+00:00,5.102,11.2
2026-01-19T09:25:00+00:00,5.148,11.2
2026-01-19T09:30:00+00:00,5.13,11.2
2026-01-19T09:35:00+00:00,5.133,11.2
2026-01-19T09:40:00+00:00,5.172,11.208
2026-01-19T09:45:00+00:00,5.196,11.246
2026-01-19T09:50:00+00:00,5.196,11.2
2026-01-19T09:55:00+00:00,5.17,11.202
2026-01-19T10:00:00+00:00,5.197,11.202
2026-01-19T10:05:00+00:00,5.214,11.2
2026-01-19T10:10:00+00:00,5.147,11.2
2026-01-19T10:15:00+00:00,5.226,11.2
2026-01-19T10:20:00+00:00,5.233,11.203
2026-01-19T10:25:00+00:00,5.224,11.2
2026-01-19T10:30:00+00:00,5.296,11.244
2026-01-19T10:35:00+00:00,5.234,11.2
2026-01-19T10:40:00+00:00,5.224,11.2
2026-01-19T10:45:00+00:00,5.184,11.2
2026-01-19T10:50:00+00:00,5.222,11.2
2026-01-19T10:55:00+00:00,5.224,11.2
2026-01-19T11:00:00+00:00,5.246,11.2
2026-01-19T11:05:00+00:00,5.194,11.2
2026-01-19T11:10:00+00:00,5.244,11.2
2026-01-19T11:15:00+00:00,5.287,11.2
2026-01-19T11:20:00+00:00,5.294,11.217
2026-01-19T11:25:00+00:00,5.382,11.29
2026-01-19T11:30:00+00:00,5.363,11.296
2026-01-19T11:35:00+00:00,5.346,11.202
2026-01-19T11:40:00+00:00,5.396,11.242
2026-01-19T11:45:00+00:00,5.342,11.2
2026-01-19T11:50:00+00:00,5.364,11.2
2026-01-19T11:55:00+00:00,5.364,11.2
2026-01-19T12:00:00+00:00,5.325,11.2
2026-01-19T12:05:00+00:00,5.342,11.2
2026-01-19T12:10:00+00:00,5.398,11.2
2026-01-19T12:15:00+00:00,5.446,11.203
2026-01-19T12:20:00+00:00,5.386,11.221
2026-01-19T12:25:00+00:00,5.358,11.218
2026-01-19T12:30:00+00:00,5.4,11.229
2026-01-19T12:35:00+00:00,5.35,11.286
2026-01-19T12:40:00+00:00,5.303,11.292
2026-01-19T12:45:00+00:00,5.328,11.294
2026-01-19T12:50:00+00:00,5.3,11.3
2026-01-19T12:55:00+00:00,5.326,11.3
2026-01-19T13:00:00+00:00,5.296,11.259
2026-01-19T13:05:00+00:00,5.27,11.2
2026-01-19T13:10:00+00:00,5.319,11.2
2026-01-19T13:15:00+00:00,5.126,11.209
2026-01-19T13:20:00+00:00,5.014,11.2
2026-01-19T13:25:00+00:00,4.98,11.228
2026-01-19T13:30:00+00:00,5.143,11.206
2026-01-19T13:35:00+00:00,5.318,11.2
2026-01-19T13:40:00+00:00,5.302,11.2
2026-01-19T13:45:00+00:00,5.336,11.2
2026-01-19T13:50:00+00:00,5.342,11.216
2026-01-19T13:55:00+00:00,5.34,11.279
2026-01-19T14:00:00+00:00,5.302,11.297
2026-01-19T14:05:00+00:00,5.32,11.276
2026-01-19T14:10:00+00:00,5.324,11.296
2026-01-19T14:15:00+00:00,5.334,11.3
2026-01-19T14:20:00+00:00,5.384,11.204
2026-01-19T14:25:00+00:00,5.464,11.2
2026-01-19T14:30:00+00:00,5.419,11.2
2026-01-19T14:35:00+00:00,5.382,11.2
2026-01-19T14:40:00+00:00,5.37,11.2
2026-01-19T14:45:00+00:00,5.366,11.2
2026-01-19T14:50:00+00:00,5.352,11.2
2026-01-19T14:55:00+00:00,5.387,11.2
2026-01-19T15:00:00+00:00,5.352,11.2
2026-01-19T15:05:00+00:00,5.36,11.2
2026-01-19T15:10:00+00:00,5.281,11.216
2026-01-19T15:15:00+00:00,5.28,11.282
2026-01-19T15:20:00+00:00,5.258,11.298
2026-01-19T15:25:00+00:00,5.336,11.266
2026-01-19T15:30:00+00:00,5.409,11.2
2026-01-19T15:35:00+00:00,5.438,11.2
2026-01-19T15:40:00+00:00,5.398,11.2
2026-01-19T15:45:00+00:00,5.324,11.2
2026-01-19T15:50:00+00:00,5.173,11.193
2026-01-19T15:55:00+00:00,5.54,11.2
2026-01-19T16:00:00+00:00,5.557,11.2
2026-01-19T16:05:00+00:00,5.579,11.2
2026-01-19T16:10:00+00:00,5.556,11.2
2026-01-19T16:15:00+00:00,5.638,11.2
2026-01-19T16:20:00+00:00,5.669,11.196
2026-01-19T16:25:00+00:00,5.726,11.15
2026-01-19T16:30:00+00:00,5.759,11.148
2026-01-19T16:35:00+00:00,5.822,11.198
2026-01-19T16:40:00+00:00,5.787,11.197
2026-01-19T16:45:00+00:00,5.907,11.149
2026-01-19T16:50:00+00:00,6.112,11.188
2026-01-19T16:55:00+00:00,6.082,11.168
2026-01-19T17:00:00+00:00,6.082,11.174
2026-01-19T17:05:00+00:00,6.122,11.2
2026-01-19T17:10:00+00:00,6.181,11.2
2026-01-19T17:15:00+00:00,6.265,11.188
2026-01-19T17:20:00+00:00,6.302,11.17
2026-01-19T17:25:00+00:00,6.334,11.157
2026-01-19T17:30:00+00:00,6.27,11.174
2026-01-19T17:35:00+00:00,6.231,11.2
2026-01-19T17:40:00+00:00,6.306,11.2
2026-01-19T17:45:00+00:00,6.402,11.2
2026-01-19T17:50:00+00:00,6.396,11.2
2026-01-19T17:55:00+00:00,6.344,11.2
2026-01-19T18:00:00+00:00,6.354,11.2
2026-01-19T18:05:00+00:00,6.448,11.134
2026-01-19T18:10:00+00:00,6.406,11.15
2026-01-19T18:15:00+00:00,6.451,11.198
2026-01-19T18:20:00+00:00,6.329,11.2
2026-01-19T18:25:00+00:00,6.322,11.2
2026-01-19T18:30:00+00:00,6.233,11.2
2026-01-19T18:35:00+00:00,6.235,11.2
2026-01-19T18:40:00+00:00,6.21,11.2
2026-01-19T18:45:00+00:00,6.216,11.2
2026-01-19T18:50:00+00:00,6.226,11.2
2026-01-19T18:55:00+00:00,6.283,11.2
2026-01-19T19:00:00+00:00,6.161,11.2
2026-01-19T19:05:00+00:00,6.126,11.2
2026-01-19T19:10:00+00:00,6.111,11.16
2026-01-19T19:15:00+00:00,6.095,11.2
2026-01-19T19:20:00+00:00,6.022,11.2
2026-01-19T19:25:00+00:00,6.005,11.2
2026-01-19T19:30:00+00:00,5.966,11.2
2026-01-19T19:35:00+00:00,6.045,11.17
2026-01-19T19:40:00+00:00,5.886,11.238
2026-01-19T19:45:00+00:00,5.854,11.3
2026-01-19T19:50:00+00:00,5.836,11.269
2026-01-19T19:55:00+00:00,5.74,11.294
2026-01-19T20:00:00+00:00,5.705,11.3
2026-01-19T20:05:00+00:00,5.732,11.3
2026-01-19T20:10:00+00:00,5.672,11.293
2026-01-19T20:15:00+00:00,5.658,11.3
2026-01-19T20:20:00+00:00,5.488,11.268
2026-01-19T20:25:00+00:00,5.48,11.288
2026-01-19T20:30:00+00:00,5.32,11.208
2026-01-19T20:35:00+00:00,5.317,11.2
2026-01-19T20:40:00+00:00,5.264,11.218
2026-01-19T20:45:00+00:00,5.27,11.286
2026-01-19T20:50:00+00:00,5.214,11.3
2026-01-19T20:55:00+00:00,5.181,11.278
2026-01-19T21:00:00+00:00,5.176,11.28
2026-01-19T21:05:00+00:00,5.12,11.2
2026-01-19T21:10:00+00:00,5.04,11.2
2026-01-19T21:15:00+00:00,4.977,11.2
2026-01-19T21:20:00+00:00,5.03,11.2
2026-01-19T21:25:00+00:00,5.007,11.252
2026-01-19T21:30:00+00:00,4.912,11.296
2026-01-19T21:35:00+00:00,4.922,11.286
2026-01-19T21:40:00+00:00,4.864,11.3
2026-01-19T21:45:00+00:00,4.802,11.296
2026-01-19T21:50:00+00:00,4.787,11.288
2026-01-19T21:55:00+00:00,4.717,11.3
2026-01-19T22:00:00+00:00,4.642,11.3
2026-01-19T22:05:00+00:00,4.477,11.29
2026-01-19T22:10:00+00:00,4.396,11.281
2026-01-19T22:15:00+00:00,4.338,11.3
2026-01-19T22:20:00+00:00,4.262,11.3
2026-01-19T22:25:00+00:00,4.228,11.3
2026-01-19T22:30:00+00:00,4.171,11.3
2026-01-19T22:35:00+00:00,4.16,11.3
2026-01-19T22:40:00+00:00,4.076,11.3
2026-01-19T22:45:00+00:00,4.07,11.3
2026-01-19T22:50:00+00:00,4.002,11.3
2026-01-19T22:55:00+00:00,3.916,11.3
2026-01-19T23:00:00+00:00,3.816,11.301
2026-01-19T23:05:00+00:00,3.819,11.32
2026-01-19T23:10:00+00:00,3.851,11.3
2026-01-19T23:15:00+00:00,3.696,11.215
2026-01-19T23:20:00+00:00,3.676,11.236
2026-01-19T23:25:00+00:00,3.641,11.3
2026-01-19T23:30:00+00:00,3.65,11.248
2026-01-19T23:35:00+00:00,3.587,11.2
2026-01-19T23:40:00+00:00,3.534,11.2
2026-01-19T23:45:00+00:00,3.534,11.2
2026-01-19T23:50:00+00:00,3.502,11.254
2026-01-19T23:55:00+00:00,3.432,11.3
2026-01-20T00:00:00+00:00,3.419,11.3
2026-01-20T00:05:00+00:00,3.466,11.3
2026-01-20T00:10:00+00:00,3.467,11.3
2026-01-20T00:15:00+00:00,3.465,11.3
2026-01-20T00:20:00+00:00,3.386,11.3
2026-01-20T00:25:00+00:00,3.367,11.3
2026-01-20T00:30:00+00:00,3.318,11.3
2026-01-20T00:35:00+00:00,3.426,11.288
2026-01-20T00:40:00+00:00,3.464,11.2
2026-01-20T00:45:00+00:00,3.5,11.2
2026-01-20T00:50:00+00:00,3.495,11.2
2026-01-20T00:55:00+00:00,3.508,11.2
2026-01-20T01:00:00+00:00,3.437,11.2
2026-01-20T01:05:00+00:00,3.42,11.2
2026-01-20T01:10:00+00:00,3.425,11.221
2026-01-20T01:15:00+00:00,3.39,11.298
2026-01-20T01:20:00+00:00,3.362,11.3
2026-01-20T01:25:00+00:00,3.332,11.3
2026-01-20T01:30:00+00:00,3.315,11.3
2026-01-20T01:35:00+00:00,3.289,11.3
2026-01-20T01:40:00+00:00,3.189,11.3
2026-01-20T01:45:00+00:00,3.192,11.3
2026-01-20T01:50:00+00:00,3.157,11.256
2026-01-20T01:55:00+00:00,3.198,11.228
2026-01-20T02:00:00+00:00,3.14,11.3
2026-01-20T02:05:00+00:00,3.114,11.3
2026-01-20T02:10:00+00:00,3.108,11.3
2026-01-20T02:15:00+00:00,3.08,11.3
2026-01-20T02:20:00+00:00,3.066,11.3
2026-01-20T02:25:00+00:00,3.046,11.3
2026-01-20T02:30:00+00:00,3.026,11.3
2026-01-20T02:35:00+00:00,3.048,11.3
2026-01-20T02:40:00+00:00,3.008,11.3
2026-01-20T02:45:00+00:00,3.002,11.3
2026-01-20T02:50:00+00:00,2.958,11.3
2026-01-20T02:55:00+00:00,2.952,11.3
2026-01-20T03:00:00+00:00,2.95,11.3
2026-01-20T03:05:00+00:00,2.992,11.3
2026-01-20T03:10:00+00:00,2.984,11.3
2026-01-20T03:15:00+00:00,2.974,11.3
2026-01-20T03:20:00+00:00,2.914,11.3
2026-01-20T03:25:00+00:00,2.887,11.3
2026-01-20T03:30:00+00:00,2.89,11.34
2026-01-20T03:35:00+00:00,2.898,11.301
2026-01-20T03:40:00+00:00,2.88,11.308
2026-01-20T03:45:00+00:00,2.894,11.337
2026-01-20T03:50:00+00:00,2.863,11.384
2026-01-20T03:55:00+00:00,2.879,11.3
2026-01-20T04:00:00+00:00,2.852,11.228
2026-01-20T04:05:00+00:00,2.878,11.164
2026-01-20T04:10:00+00:00,2.997,11.196
2026-01-20T04:15:00+00:00,2.988,11.2
2026-01-20T04:20:00+00:00,2.988,11.2
2026-01-20T04:25:00+00:00,2.965,11.2
2026-01-20T04:30:00+00:00,2.97,11.2
2026-01-20T04:35:00+00:00,2.973,11.2
2026-01-20T04:40:00+00:00,2.918,11.2
2026-01-20T04:45:00+00:00,2.978,11.2
2026-01-20T04:50:00+00:00,3.002,11.211
2026-01-20T04:55:00+00:00,2.978,11.256
2026-01-20T05:00:00+00:00,2.933,11.263
2026-01-20T05:05:00+00:00,3.039,11.186
2026-01-20T05:10:00+00:00,3.058,11.166
2026-01-20T05:15:00+00:00,3.046,11.196
2026-01-20T05:20:00+00:00,3.092,11.2
2026-01-20T05:25:00+00:00,3.112,11.2
2026-01-20T05:30:00+00:00,3.121,11.2
2026-01-20T05:35:00+00:00,3.151,11.2
2026-01-20T05:40:00+00:00,3.157,11.2
2026-01-20T05:45:00+00:00,3.225,11.2
2026-01-20T05:50:00+00:00,3.18,11.138
2026-01-20T05:55:00+00:00,3.212,11.148
2026-01-20T06:00:00+00:00,3.262,11.134
2026-01-20T06:05:00+00:00,3.453,11.102
2026-01-20T06:10:00+00:00,3.468,11.196
2026-01-20T06:15:00+00:00,3.486,11.2
2026-01-20T06:20:00+00:00,3.532,11.2
2026-01-20T06:25:00+00:00,3.588,11.181
2026-01-20T06:30:00+00:00,3.667,11.25
2026-01-20T06:35:00+00:00,3.737,11.212
2026-01-20T06:40:00+00:00,3.774,11.2
2026-01-20T06:45:00+00:00,3.878,11.187
2026-01-20T06:50:00+00:00,3.984,11.11
2026-01-20T06:55:00+00:00,4.05,11.128
2026-01-20T07:00:00+00:00,4.182,11.196
2026-01-20T07:05:00+00:00,4.244,11.162
2026-01-20T07:10:00+00:00,4.29,11.2
2026-01-20T07:15:00+00:00,4.415,11.2
2026-01-20T07:20:00+00:00,4.411,11.17
2026-01-20T07:25:00+00:00,4.478,11.169
2026-01-20T07:30:00+00:00,4.632,11.263
2026-01-20T07:35:00+00:00,4.684,11.202
2026-01-20T07:40:00+00:00,4.69,11.2
2026-01-20T07:45:00+00:00,4.725,11.2
2026-01-20T07:50:00+00:00,4.749,11.2
2026-01-20T07:55:00+00:00,4.864,11.214
2026-01-20T08:00:00+00:00,4.762,11.2
2026-01-20T08:05:00+00:00,4.794,11.186
2026-01-20T08:10:00+00:00,4.808,11.177
2026-01-20T08:15:00+00:00,4.822,11.136
2026-01-20T08:20:00+00:00,4.752,11.112
2026-01-20T08:25:00+00:00,4.839,11.163
2026-01-20T08:30:00+00:00,4.934,11.2
2026-01-20T08:35:00+00:00,4.876,11.2
2026-01-20T08:40:00+00:00,4.84,11.2
2026-01-20T08:45:00+00:00,4.846,11.2
2026-01-20T08:50:00+00:00,4.792,11.2
2026-01-20T08:55:00+00:00,4.853,11.2
2026-01-20T09:00:00+00:00,4.841,11.2
2026-01-20T09:05:00+00:00,4.892,11.204
2026-01-20T09:10:00+00:00,4.872,11.269
2026-01-20T09:15:00+00:00,4.891,11.226
2026-01-20T09:20:00+00:00,4.948,11.238
2026-01-20T09:25:00+00:00,4.962,11.258
2026-01-20T09:30:00+00:00,4.998,11.212
2026-01-20T09:35:00+00:00,4.99,11.228
2026-01-20T09:40:00+00:00,5.028,11.279
2026-01-20T09:45:00+00:00,5.076,11.258
2026-01-20T09:50:00+00:00,5.058,11.213
2026-01-20T09:55:00+00:00,5.079,11.266
2026-01-20T10:00:00+00:00,5.03,11.288
2026-01-20T10:05:00+00:00,4.926,11.261
2026-01-20T10:10:00+00:00,4.905,11.2
2026-01-20T10:15:00+00:00,4.848,11.248
2026-01-20T10:20:00+00:00,4.808,11.256
2026-01-20T10:25:00+00:00,4.78,11.236
2026-01-20T10:30:00+00:00,4.796,11.258
2026-01-20T10:35:00+00:00,4.814,11.234
2026-01-20T10:40:00+00:00,4.822,11.206
2026-01-20T10:45:00+00:00,4.788,11.2
2026-01-20T10:50:00+00:00,4.865,11.2
2026-01-20T10:55:00+00:00,4.822,11.2
2026-01-20T11:00:00+00:00,4.79,11.2
2026-01-20T11:05:00+00:00,4.915,11.22
2026-01-20T11:10:00+00:00,5.02,11.284
2026-01-20T11:15:00+00:00,5.063,11.3
2026-01-20T11:20:00+00:00,5.016,11.3
2026-01-20T11:25:00+00:00,5.03,11.3
2026-01-20T11:30:00+00:00,5.086,11.3
2026-01-20T11:35:00+00:00,5.084,11.298
2026-01-20T11:40:00+00:00,4.972,11.286
2026-01-20T11:45:00+00:00,4.938,11.262
2026-01-20T11:50:00+00:00,5.01,11.295
2026-01-20T11:55:00+00:00,5.014,11.3
2026-01-20T12:00:00+00:00,5.042,11.3
2026-01-20T12:05:00+00:00,4.949,11.3
2026-01-20T12:10:00+00:00,5.046,11.3
2026-01-20T12:15:00+00:00,5.001,11.3
2026-01-20T12:20:00+00:00,5.01,11.3
2026-01-20T12:25:00+00:00,4.972,11.3
2026-01-20T12:30:00+00:00,4.902,11.3
2026-01-20T12:35:00+00:00,5.012,11.3
2026-01-20T12:40:00+00:00,4.974,11.3
2026-01-20T12:45:00+00:00,4.964,11.3
2026-01-20T12:50:00+00:00,4.948,11.3
2026-01-20T12:55:00+00:00,4.969,11.3
2026-01-20T13:00:00+00:00,4.962,11.3
2026-01-20T13:05:00+00:00,5.02,11.3
2026-01-20T13:10:00+00:00,5.116,11.3
2026-01-20T13:15:00+00:00,5.019,11.3
2026-01-20T13:20:00+00:00,5.068,11.3
2026-01-20T13:25:00+00:00,5.044,11.3
2026-01-20T13:30:00+00:00,5.034,11.3
2026-01-20T13:35:00+00:00,4.986,11.3
2026-01-20T13:40:00+00:00,4.958,11.3
2026-01-20T13:45:00+00:00,5.038,11.3
2026-01-20T13:50:00+00:00,4.934,11.3
2026-01-20T13:55:00+00:00,4.904,11.3
2026-01-20T14:00:00+00:00,4.948,11.3
2026-01-20T14:05:00+00:00,4.982,11.3
2026-01-20T14:10:00+00:00,4.952,11.3
2026-01-20T14:15:00+00:00,4.903,11.293
2026-01-20T14:20:00+00:00,4.87,11.294
2026-01-20T14:25:00+00:00,4.905,11.3
2026-01-20T14:30:00+00:00,4.962,11.258
2026-01-20T14:35:00+00:00,5.033,11.262
2026-01-20T14:40:00+00:00,4.997,11.202
2026-01-20T14:45:00+00:00,4.996,11.208
2026-01-20T14:50:00+00:00,5.04,11.2
2026-01-20T14:55:00+00:00,5.053,11.2
2026-01-20T15:00:00+00:00,5.058,11.2
2026-01-20T15:05:00+00:00,5.052,11.2
2026-01-20T15:10:00+00:00,5.052,11.2
2026-01-20T15:15:00+00:00,5.082,11.2
2026-01-20T15:20:00+00:00,5.102,11.2
2026-01-20T15:25:00+00:00,5.121,11.196
2026-01-20T15:30:00+00:00,5.227,11.147
2026-01-20T15:35:00+00:00,5.304,11.2
2026-01-20T15:40:00+00:00,5.348,11.2
2026-01-20T15:45:00+00:00,5.464,11.2
2026-01-20T15:50:00+00:00,5.501,11.2
2026-01-20T15:55:00+00:00,5.57,11.2
2026-01-20T16:00:00+00:00,5.662,11.204
2026-01-20T16:05:00+00:00,5.696,11.286
2026-01-20T16:10:00+00:00,5.64,11.21
2026-01-20T16:15:00+00:00,5.663,11.2
2026-01-20T16:20:00+00:00,5.655,11.2
2026-01-20T16:25:00+00:00,5.616,11.2
2026-01-20T16:30:00+00:00,5.66,11.2
2026-01-20T16:35:00+00:00,5.696,11.2
2026-01-20T16:40:00+00:00,5.751,11.2
2026-01-20T16:45:00+00:00,5.749,11.2
2026-01-20T16:50:00+00:00,5.877,11.2
2026-01-20T16:55:00+00:00,5.952,11.2
2026-01-20T17:00:00+00:00,6.028,11.168
2026-01-20T17:05:00+00:00,6.135,11.131
2026-01-20T17:10:00+00:00,6.162,11.1
2026-01-20T17:15:00+00:00,6.229,11.106
2026-01-20T17:20:00+00:00,6.329,11.148
2026-01-20T17:25:00+00:00,6.406,11.2
2026-01-20T17:30:00+00:00,6.462,11.197
2026-01-20T17:35:00+00:00,6.484,11.2
2026-01-20T17:40:00+00:00,6.538,11.2
2026-01-20T17:45:00+00:00,6.414,11.237
2026-01-20T17:50:00+00:00,6.412,11.25
2026-01-20T17:55:00+00:00,6.45,11.246
2026-01-20T18:00:00+00:00,6.318,11.159
2026-01-20T18:05:00+00:00,6.342,11.128
2026-01-20T18:10:00+00:00,6.373,11.2
2026-01-20T18:15:00+00:00,6.394,11.2
2026-01-20T18:20:00+00:00,6.44,11.2
2026-01-20T18:25:00+00:00,6.47,11.244
2026-01-20T18:30:00+00:00,6.32,11.216
2026-01-20T18:35:00+00:00,6.278,11.162
2026-01-20T18:40:00+00:00,6.342,11.199
2026-01-20T18:45:00+00:00,6.41,11.2
2026-01-20T18:50:00+00:00,6.37,11.197
2026-01-20T18:55:00+00:00,6.29,11.2
2026-01-20T19:00:00+00:00,6.297,11.2
2026-01-20T19:05:00+00:00,6.334,11.197
2026-01-20T19:10:00+00:00,6.275,11.174
2026-01-20T19:15:00+00:00,6.224,11.188
2026-01-20T19:20:00+00:00,6.148,11.2
2026-01-20T19:25:00+00:00,6.094,11.2
2026-01-20T19:30:00+00:00,6.028,11.2
2026-01-20T19:35:00+00:00,5.958,11.204
2026-01-20T19:40:00+00:00,5.941,11.206
2026-01-20T19:45:00+00:00,5.862,11.24
2026-01-20T19:50:00+00:00,5.92,11.21
2026-01-20T19:55:00+00:00,5.806,11.3
2026-01-20T20:00:00+00:00,5.784,11.267
2026-01-20T20:05:00+00:00,5.749,11.291
2026-01-20T20:10:00+00:00,5.75,11.298
2026-01-20T20:15:00+00:00,5.771,11.26
2026-01-20T20:20:00+00:00,5.664,11.296
2026-01-20T20:25:00+00:00,5.64,11.3
2026-01-20T20:30:00+00:00,5.485,11.231
2026-01-20T20:35:00+00:00,5.466,11.266
2026-01-20T20:40:00+00:00,5.433,11.232
2026-01-20T20:45:00+00:00,5.452,11.212
2026-01-20T20:50:00+00:00,5.4,11.3
2026-01-20T20:55:00+00:00,5.382,11.3
2026-01-20T21:00:00+00:00,5.357,11.3
2026-01-20T21:05:00+00:00,5.256,11.204
2026-01-20T21:10:00+00:00,5.246,11.245
2026-01-20T21:15:00+00:00,5.151,11.3
2026-01-20T21:20:00+00:00,5.092,11.3
2026-01-20T21:25:00+00:00,5.032,11.3
2026-01-20T21:30:00+00:00,4.982,11.3
2026-01-20T21:35:00+00:00,4.954,11.3
2026-01-20T21:40:00+00:00,4.902,11.3
2026-01-20T21:45:00+00:00,4.848,11.3
2026-01-20T21:50:00+00:00,4.812,11.306
2026-01-20T21:55:00+00:00,4.647,11.32
2026-01-20T22:00:00+00:00,4.632,11.296
2026-01-20T22:05:00+00:00,4.619,11.2
2026-01-20T22:10:00+00:00,4.566,11.2
2026-01-20T22:15:00+00:00,4.459,11.247
2026-01-20T22:20:00+00:00,4.408,11.29
2026-01-20T22:25:00+00:00,4.405,11.201
2026-01-20T22:30:00+00:00,4.321,11.2
2026-01-20T22:35:00+00:00,4.3,11.2
2026-01-20T22:40:00+00:00,4.231,11.2
2026-01-20T22:45:00+00:00,4.206,11.2
2026-01-20T22:50:00+00:00,4.135,11.2
2026-01-20T22:55:00+00:00,4.068,11.2
2026-01-20T23:00:00+00:00,4.018,11.2
2026-01-20T23:05:00+00:00,4.004,11.2
2026-01-20T23:10:00+00:00,3.92,11.202
2026-01-20T23:15:00+00:00,3.862,11.29
2026-01-20T23:20:00+00:00,3.774,11.3
2026-01-20T23:25:00+00:00,3.73,11.3
2026-01-20T23:30:00+00:00,3.644,11.342
2026-01-20T23:35:00+00:00,3.61,11.251
2026-01-20T23:40:00+00:00,3.612,11.294
2026-01-20T23:45:00+00:00,3.507,11.3
2026-01-20T23:50:00+00:00,3.462,11.3
2026-01-20T23:55:00+00:00,3.388,11.3
2026-01-21T00:00:00+00:00,3.356,11.3
